Brand,Name,Price (₹),Rating,Specs,Category
Motorola,"Motorola Edge 50 Fusion (Marshmallow Blue, 128 GB)",18999,"1,23,304 Ratings & 8,113 Reviews",8 GB RAM | 128 GB ROM17.02 cm (6.7 inch) Full HD+ Display50MP + 13MP | 32MP Front Camera5000 mAh Battery7s Gen 2 Processor1 Year on Handset and 6 Months on Accessories,Mid-Range
POCO,"POCO C75 5G (Aqua Bliss, 64 GB)",7699,"69,774 Ratings & 3,627 Reviews",4 GB RAM | 64 GB ROM | Expandable Upto 1 TB17.48 cm (6.88 inch) HD+ Display50MP Rear Camera | 5MP Front Camera5160 mAh Battery4s Gen 2 5G Processor1 Year Manufacturer Warranty for Phone and 6 Months Warranty for In the Box Accessories,Budget
Samsung,Samsung Metro 313,1399,"8,313 Ratings & 652 Reviews",4 MB RAM | 2.27 MB ROM5.08 cm (2 inch) VGA Display0.3MP Rear Camera1000 mAh Battery1 Year Manufacturer Warranty,Budget
POCO,"POCO M7 Pro 5G (Lunar Dust, 128 GB)",12999,"13,796 Ratings & 1,280 Reviews",6 GB RAM | 128 GB ROM16.94 cm (6.67 inch) Full HD+ Display50MP + 2MP | 20MP Front Camera5110 mAh BatteryDimensity 7025 Ultra Processor1 Year Manufacturer Warranty for Phone and 6 Months Warranty for In the Box Accessories,Budget
REDMI,"REDMI 13 5G (Orchid Pink, 128 GB)",13999,"9,382 Ratings & 554 Reviews",8 GB RAM | 128 GB ROM | Expandable Upto 1 TB17.25 cm (6.79 inch) Full HD+ Display108MP + 2MP | 13MP Front Camera5030 mAh Lithium Polymer Battery4 Gen 2 AE Processor1 Year Manufacturer Warranty for Phone and 6 Months Warranty for In the Box Accessories,Budget
Motorola,"Motorola g45 5G (Pink Lavender, 128 GB)",10999,"45,149 Ratings & 2,836 Reviews",4 GB RAM | 128 GB ROM | Expandable Upto 1 TB16.51 cm (6.5 inch) HD+ Display50MP + 2MP | 16MP Front Camera5000 mAh BatterySnapdragon 6s Gen 3 Processor1 Year Warranty on Handset and 6 Months Warranty on Accessories,Budget
Motorola,"Motorola g45 5G (Pink Lavender, 128 GB)",11999,"1,77,540 Ratings & 9,396 Reviews",8 GB RAM | 128 GB ROM | Expandable Upto 1 TB16.51 cm (6.5 inch) HD+ Display50MP + 2MP | 16MP Front Camera5000 mAh BatterySnapdragon 6s Gen 3 Processor1 Year Warranty on Handset and 6 Months Warranty on Accessories,Budget
OPPO,"OPPO K13 5G with 7000mAh and 80W SUPERVOOC Charger In-The-Box (Prism Black, 128 GB)",17999,"14,713 Ratings & 1,068 Reviews",8 GB RAM | 128 GB ROM16.94 cm (6.67 inch) Display50MP + 2MP | 16MP Front Camera7000 mAh BatterySnapdragon 6 Gen 4 Processor80W SUPERVOOC Charger1 Year Warranty on the Product and 6 Months Warranty on Inbox Accessories,Mid-Range
Motorola,"Motorola g45 5G (Brilliant Blue, 128 GB)",11999,"1,77,540 Ratings & 9,396 Reviews",8 GB RAM | 128 GB ROM | Expandable Upto 1 TB16.51 cm (6.5 inch) HD+ Display50MP + 2MP | 16MP Front Camera5000 mAh BatterySnapdragon 6s Gen 3 Processor1 Year Warranty on Handset and 6 Months Warranty on Accessories,Budget
POCO,"POCO M6 Plus 5G (Graphite Black, 128 GB)",10080,"51,965 Ratings & 3,198 Reviews",6 GB RAM | 128 GB ROM | Expandable Upto 1 TB17.25 cm (6.79 inch) Full HD+ Display108MP + 2MP | 13MP Front Camera5030 mAh BatterySnapdragon 4 Gen2 AE Processor1 Year Manufacturer Warranty for Phone and 6 Months Warranty for In the Box Accessories,Budget
Motorola,"Motorola Edge 50 Fusion (Forest Blue, 256 GB)",20999,"1,51,000 Ratings & 10,527 Reviews",12 GB RAM | 256 GB ROM17.02 cm (6.7 inch) Full HD+ Display50MP + 13MP | 32MP Front Camera5000 mAh Battery7s Gen 2 Processor1 Year on Handset and 6 Months on Accessories,Mid-Range
MOTOROLA,"MOTOROLA g05 (Forest Green, 64 GB)",7299,"36,214 Ratings & 2,728 Reviews",4 GB RAM | 64 GB ROM | Expandable Upto 1 TB16.94 cm (6.67 inch) HD+ Display50MP Rear Camera | 8MP Front Camera5200 mAh BatteryHelio G81 Processor1 Year Warranty on Handset and 6 Months Warranty on Accessories,Budget
REDMI,"REDMI A3X (Olive Green, 64 GB)",6499,"4,917 Ratings & 227 Reviews",4 GB RAM | 64 GB ROM | Expandable Upto 1 TB17.04 cm (6.71 inch) HD+ Display8MP Rear Camera | 5MP Front Camera5000 mAh Battery1 Year Manufacturer Warranty for Phone and 6 Months Warranty for In the Box Accessories,Budget
vivo,"vivo T4x 5G (Pronto Purple, 128 GB)",13999,"70,982 Ratings & 3,914 Reviews",6 GB RAM | 128 GB ROM17.07 cm (6.72 inch) Display50MP + 2MP | 8MP Front Camera6500 mAh BatteryDimensity 7300 5G Processor1 Year Warranty for Device and 6 Months Warranty for Accessories,Budget
POCO,"POCO C71 (Power Black, 128 GB)",6999,"5,122 Ratings & 317 Reviews","6 GB RAM | 128 GB ROM | Expandable Upto 2 TB17.48 cm (6.88 inch) HD+ Display32MP Rear Camera | 8MP Front Camera5200 mAh BatteryUnisoc T7250
Max clock speed: 
2 x A75@1.8GHz
6 x A55@1.6GHz Processor1 Year Manufacturer Warranty for Phone and 6 Months Warranty for In the Box Accessories",Budget
MOTOROLA,"MOTOROLA g35 5G (Midnight Black, 128 GB)",9999,"55,519 Ratings & 4,288 Reviews",4 GB RAM | 128 GB ROM | Expandable Upto 1 TB17.07 cm (6.72 inch) Full HD+ Display50MP + 8MP | 16MP Front Camera5000 mAh BatteryT760 Processor12 5G Bands with VoNR|4K Video Recording|Vision Booster Technology1 Year on Handset and 6 Months on Accessories,Budget
Motorola,"Motorola g45 5G (Brilliant Green, 128 GB)",11999,"1,77,540 Ratings & 9,396 Reviews",8 GB RAM | 128 GB ROM | Expandable Upto 1 TB16.51 cm (6.5 inch) HD+ Display50MP + 2MP | 16MP Front Camera5000 mAh BatterySnapdragon 6s Gen 3 Processor1 Year Warranty on Handset and 6 Months Warranty on Accessories,Budget
Nokia,Nokia 105 Classic with Charger,980,"5,435 Ratings & 350 Reviews",32 MB RAM | 32 MB ROM4.5 cm (1.77 inch) Display0MP Front Camera800 mAh BatterySC6531E Processor1 Month Company Domestic Warranty by Company Authorized Service Center.,Budget
realme,"realme P2 Pro 5G (Parrot Green, 128 GB)",17999,"15,865 Ratings & 1,160 Reviews",8 GB RAM | 128 GB ROM17.02 cm (6.7 inch) Full HD+ Display50MP + 8MP | 32MP Front Camera5200 mAh Battery7s Gen2 Processor1 Year Manufacturer Warranty for Device and 6 Months Manufacturer Warranty for Inbox Accessories,Mid-Range
Samsung,"Samsung Galaxy F06 5G (Lit Violet, 128 GB)",9499,"13,708 Ratings & 1,003 Reviews",4 GB RAM | 128 GB ROM | Expandable Upto 1500 GB17.02 cm (6.7 inch) HD+ Display50MP + 2MP | 8MP Front Camera5000 mAh BatteryDimensity 6300 Processor1 Year Manufacturer Warranty for Device and 6 Months for In-Box Accessories,Budget
vivo,"vivo T4x 5G (Marine Blue, 256 GB)",16999,"52,328 Ratings & 3,100 Reviews",8 GB RAM | 256 GB ROM17.07 cm (6.72 inch) Display50MP + 2MP | 8MP Front Camera6500 mAh BatteryDimensity 7300 5G Processor1 Year Warranty for Device and 6 Months Warranty for Accessories,Mid-Range
POCO,"POCO M7 5G (Ocean Blue, 128 GB)",9499,"20,876 Ratings & 1,180 Reviews",6 GB RAM | 128 GB ROM | Expandable Upto 1 TB17.48 cm (6.88 inch) HD+ Display50MP Rear Camera | 8MP Front Camera5160 mAh Battery4 Gen 2 5G Processor1 Year Manufacturer Warranty for Phone and 6 Months Warranty for In the Box Accessories,Budget
Infinix,"Infinix Note 50s 5G+ (Burgundy Red, 128 GB)",15999,"11,782 Ratings & 1,220 Reviews",8 GB RAM | 128 GB ROM17.22 cm (6.78 inch) Full HD+ Display64MP + 2MP | 13MP Front Camera5500 mAh BatteryDimensity 7300 Ultimate Processor1 Year Warranty for Handset and 6 Months Warranty for Accessories,Mid-Range
Motorola,"Motorola Edge 50 Fusion (Forest Blue, 128 GB)",18999,"1,23,304 Ratings & 8,113 Reviews",8 GB RAM | 128 GB ROM17.02 cm (6.7 inch) Full HD+ Display50MP + 13MP | 32MP Front Camera5000 mAh Battery7s Gen 2 Processor1 Year on Handset and 6 Months on Accessories,Mid-Range
REDMI,"REDMI 14C 5G (Stardust Purple, 128 GB)",11499,"3,355 Ratings & 209 Reviews",6 GB RAM | 128 GB ROM | Expandable Upto 1 TB17.48 cm (6.88 inch) HD+ Display50MP Rear Camera | 8MP Front Camera5160 mAh Battery4 Gen 2 5G Processor1 Year Manufacturer Warranty for Phone and 6 Months Warranty for In the Box Accessories,Budget
Samsung,"Samsung Galaxy F06 5G (Bahama Blue, 128 GB)",9499,"13,708 Ratings & 1,003 Reviews",4 GB RAM | 128 GB ROM | Expandable Upto 1500 GB17.02 cm (6.7 inch) HD+ Display50MP + 2MP | 8MP Front Camera5000 mAh BatteryDimensity 6300 Processor1 Year Manufacturer Warranty for Device and 6 Months for In-Box Accessories,Budget
OPPO,"OPPO K13x 5G 6000mAh and 45W SUPERVOOC Charger & AI (Sunset Peach, 128 GB)",12999,823 Ratings & 25 Reviews,6 GB RAM | 128 GB ROM | Expandable Upto 2 TB16.94 cm (6.67 inch) HD+ Display50MP + 2MP | 8MP Front Camera6000 mAh BatteryDimensity 6300 Processor1 Year Manufacturer Warranty for Device and 6 Months Manufacturer Warranty for Inbox Accessories,Budget
POCO,"POCO M6 Plus 5G (Misty Lavender, 128 GB)",11499,"10,447 Ratings & 680 Reviews",8 GB RAM | 128 GB ROM | Expandable Upto 1 TB17.25 cm (6.79 inch) Full HD+ Display108MP + 2MP | 13MP Front Camera5030 mAh BatterySnapdragon 4 Gen2 AE Processor1 Year Manufacturer Warranty for Phone and 6 Months Warranty for In the Box Accessories,Budget
realme,"realme GT 6 (Razor Green, 256 GB)",28999,"2,436 Ratings & 239 Reviews",12 GB RAM | 256 GB ROM17.22 cm (6.78 inch) Full HD+ Display50MP + 8MP + 50MP | 32MP Front Camera5500 mAh Battery8s Gen 3 Mobile Platform Processor1 Year Manufacturer Warranty for Device and 6 Months Manufacturer Warranty for Inbox Accessories,Mid-Range
realme,"realme C61 (Safari Green, 128 GB)",8199,"17,474 Ratings & 650 Reviews",6 GB RAM | 128 GB ROM | Expandable Upto 2 TB17.13 cm (6.745 inch) HD+ Display32MP Rear Camera | 5MP Front Camera5000 mAh BatteryT612 Processor1 Year Manufacturer Warranty for Device and 6 Months Manufacturer Warranty for Inbox Accessories,Budget
MOTOROLA,"MOTOROLA Edge 60 Fusion 5G (PANTONE Mykonos Blue, 256 GB)",22999,"30,057 Ratings & 1,799 Reviews",8 GB RAM | 256 GB ROM | Expandable Upto 1 TB16.94 cm (6.67 inch) Display50MP + 13MP | 32MP Front Camera5500 mAh BatteryDimensity 7400 Processor68W Charger1 Year Warranty on Handset and 6 Months Warranty on Accessories,Mid-Range
Motorola,"Motorola G85 5G (Olive Green, 128 GB)",16999,"2,03,176 Ratings & 10,586 Reviews",8 GB RAM | 128 GB ROM16.94 cm (6.67 inch) Full HD+ Display50MP + 8MP | 32MP Front Camera5000 mAh Battery6s Gen 3 Processor1 Year on Handset and 6 Months on Accessories,Mid-Range
IQOO,"IQOO Neo 10R 5G (MoonKnight Titanium, 256 GB)",28895,517 Ratings & 42 Reviews,8 GB RAM | 256 GB ROM17.22 cm (6.78 inch) Display50MP Rear Camera6400 mAh Battery1 Year Manufacturer Warranty for Phone and 6 Months Warranty for In the Box Accessories,Mid-Range
OPPO,"OPPO K13 5G with 7000mAh and 80W SUPERVOOC Charger In-The-Box (Icy Purple, 256 GB)",19999,"14,713 Ratings & 1,068 Reviews",8 GB RAM | 256 GB ROM16.94 cm (6.67 inch) Display50MP + 2MP | 16MP Front Camera7000 mAh BatterySnapdragon 6 Gen 4 Processor80W SUPERVOOC Charger1 Year Warranty on the Product and 6 Months Warranty on Inbox Accessories,Mid-Range
REDMI,"REDMI 13 5G (Black Diamond, 128 GB)",13999,"9,382 Ratings & 554 Reviews",8 GB RAM | 128 GB ROM | Expandable Upto 1 TB17.25 cm (6.79 inch) Full HD+ Display108MP + 2MP | 13MP Front Camera5030 mAh Lithium Polymer Battery4 Gen 2 AE Processor1 Year Manufacturer Warranty for Phone and 6 Months Warranty for In the Box Accessories,Budget
realme,"realme P3 Pro 5G (Saturn Brown, 128 GB)",21999,"4,829 Ratings & 456 Reviews",8 GB RAM | 128 GB ROM17.35 cm (6.83 inch) Display50MP + 2MP | 16MP Front Camera6000 mAh Battery7s Gen 3 Mobile Platform Processor1 Year Manufacturer Warranty for Device and 6 Months Manufacturer Warranty for Inbox Accessories,Mid-Range
Infinix,"Infinix SMART 9 HD (Neo Titanium, 64 GB)",6699,"2,661 Ratings & 195 Reviews",3 GB RAM | 64 GB ROM | Expandable Upto 1 TB17.02 cm (6.7 inch) HD+ Display13MP Rear Camera | 8MP Front Camera5000 mAh Lithium-ion Polymer BatteryMediatek Helio G50 Processor1 Year Warranty on Handset and 6 Months Warranty on Accessories,Budget
Motorola,"Motorola G85 5G (Olive Green, 256 GB)",18999,"76,700 Ratings & 4,332 Reviews",12 GB RAM | 256 GB ROM16.94 cm (6.67 inch) Full HD+ Display50MP + 8MP | 32MP Front Camera5000 mAh Battery6s Gen 3 Processor1 Year on Handset and 6 Months on Accessories,Mid-Range
Motorola,"Motorola g45 5G (Brilliant Green, 128 GB)",10999,"45,149 Ratings & 2,836 Reviews",4 GB RAM | 128 GB ROM | Expandable Upto 1 TB16.51 cm (6.5 inch) HD+ Display50MP + 2MP | 16MP Front Camera5000 mAh BatterySnapdragon 6s Gen 3 Processor1 Year Warranty on Handset and 6 Months Warranty on Accessories,Budget
vivo,"vivo T4 5G (Emerald Blaze, 256 GB)",23999,"28,197 Ratings & 1,496 Reviews",8 GB RAM | 256 GB ROM17.2 cm (6.77 inch) Display50MP (OIS) + 2MP | 32MP Front Camera7300 mAh BatterySnapdragon 7s Gen 3 5G Processor1 Year Warranty on the Handset and 6 Months Warranty on Inbox Accessories,Mid-Range
vivo,"vivo T4 5G (Emerald Blaze, 256 GB)",25999,"5,435 Ratings & 343 Reviews",12 GB RAM | 256 GB ROM17.2 cm (6.77 inch) Display50MP (OIS) + 2MP | 32MP Front Camera7300 mAh BatterySnapdragon 7s Gen 3 5G Processor1 Year Warranty on the Handset and 6 Months Warranty on Inbox Accessories,Mid-Range
OPPO,"OPPO K12x 5G with 45W SUPERVOOC Charger In-The-Box (Feather Pink, 128 GB)",12999,"1,78,548 Ratings & 6,376 Reviews",6 GB RAM | 128 GB ROM | Expandable Upto 1 TB16.94 cm (6.67 inch) HD Display32MP + 2MP | 8MP Front Camera5100 mAh BatteryDimensity 6300 Processor1 Year Manufacturer Warranty for Device and 6 Months Manufacturer Warranty for Inbox Accessories,Budget
Samsung,Samsung SM-B310E,1299,11 Ratings & 1 Reviews,100 MB RAM | 100 MB ROM | Expandable Upto 100 MB4.57 cm (1.8 inch) VGA Display0MP | 0MP Front Camera800 mAh BatteryNA ProcessorNo Warranty,Budget
vivo,"vivo T3 Pro 5G (Sandstone Orange, 256 GB)",24999,"80,347 Ratings & 5,141 Reviews",8 GB RAM | 256 GB ROM17.2 cm (6.77 inch) Full HD+ AMOLED Display50MP + 8MP | 16MP Front Camera5500 mAh BatterySnapdragon 7 Gen 3 Processor1 Year Warranty on Handset and 6 Months Warranty on Accessories,Mid-Range
Nokia,"Nokia 130 Music Dual Sim, Music Player, Wireless FM Radio and Dedicated Music Buttons",1588,"8,153 Ratings & 503 Reviews",4 MB RAM | 4 MB ROM6.1 cm (2.4 inch) Display0MP Front Camera1450 mAh Battery6261D Processor1YR BRAND WARRANTY ON HANDSET & 6 MONTHS WARRANTY ON ACCESSORIES,Budget
Motorola,"Motorola g45 5G (Viva Magenta, 128 GB)",10999,"45,149 Ratings & 2,836 Reviews",4 GB RAM | 128 GB ROM | Expandable Upto 1 TB16.51 cm (6.5 inch) HD+ Display50MP + 2MP | 16MP Front Camera5000 mAh BatterySnapdragon 6s Gen 3 Processor1 Year Warranty on Handset and 6 Months Warranty on Accessories,Budget
Infinix,"Infinix Note 50s 5G+ (Marine Drift, 128 GB)",15999,"11,782 Ratings & 1,220 Reviews",8 GB RAM | 128 GB ROM17.22 cm (6.78 inch) Full HD+ Display64MP + 2MP | 13MP Front Camera5500 mAh BatteryDimensity 7300 Ultimate Processor1 Year Warranty for Handset and 6 Months Warranty for Accessories,Mid-Range
REDMI,"REDMI A3X (Ocean Green, 64 GB)",6499,"4,917 Ratings & 227 Reviews",4 GB RAM | 64 GB ROM | Expandable Upto 1 TB17.04 cm (6.71 inch) HD+ Display8MP Rear Camera | 5MP Front Camera5000 mAh Battery1 Year Manufacturer Warranty for Phone and 6 Months Warranty for In the Box Accessories,Budget
Nokia,"Nokia 130 Music Dual Sim, Music Player, Wireless FM Radio and Dedicated Music Buttons",1599,"8,153 Ratings & 503 Reviews",4 MB RAM | 4 MB ROM6.1 cm (2.4 inch) Display0MP Front Camera1450 mAh Battery6261D Processor1YR BRAND WARRANTY ON HANDSET & 6 MONTHS WARRANTY ON ACCESSORIES,Budget
realme,"realme C61 (Marble Black, 64 GB)",7699,"8,475 Ratings & 298 Reviews",4 GB RAM | 64 GB ROM | Expandable Upto 2 TB17.13 cm (6.745 inch) HD+ Display32MP Rear Camera | 5MP Front Camera5000 mAh BatteryT612 Processor1 Year Manufacturer Warranty for Device and 6 Months Manufacturer Warranty for Inbox Accessories,Budget
Motorola,"Motorola g64 5G (Berry Red, 256 GB)",15999,"82,993 Ratings & 5,353 Reviews",12 GB RAM | 256 GB ROM | Expandable Upto 1 TB16.51 cm (6.5 inch) Full HD+ Display50MP (OIS) + 8MP | 16MP Front Camera6000 mAh BatteryDimensity 7025 Processor1 Year on Handset and 6 Months on Accessories,Mid-Range
realme,"realme C63 5G Charger in the Box (Forest Green, 128 GB)",12999,"3,783 Ratings & 123 Reviews",8 GB RAM | 128 GB ROM | Expandable Upto 2 TB16.94 cm (6.67 inch) HD+ Display32MP Rear Camera | 8MP Front Camera5000 mAh BatteryDimensity 6300 Processor1 Year Manufacturer Warranty for Device and 6 Months Manufacturer Warranty for Inbox Accessories,Budget
CMF,"CMF by Nothing Phone 2 Pro (Light Green, 128 GB)",18999,"10,226 Ratings & 965 Reviews",8 GB RAM | 128 GB ROM | Expandable Upto 2 TB17.2 cm (6.77 inch) Display50MP + 50MP + 8MP | 16MP Front Camera5000 mAh BatteryDimensity 7300 Pro 5G Processor1 Year Manufacturing Warranty,Mid-Range
CMF,"CMF by Nothing Phone 1 (Black, 128 GB)",15999,"79,347 Ratings & 5,538 Reviews",6 GB RAM | 128 GB ROM | Expandable Upto 2 TB16.94 cm (6.67 inch) Full HD+ Display50MP + 2MP | 16MP Front Camera5000 mAh BatteryDimensity 7300 5G Processor1 Year Manufacturing Warranty,Mid-Range
Motorola,"Motorola G85 5G (Viva Magenta, 128 GB)",16999,"2,03,176 Ratings & 10,586 Reviews",8 GB RAM | 128 GB ROM16.94 cm (6.67 inch) Full HD+ Display50MP + 8MP | 32MP Front Camera5000 mAh Battery6s Gen 3 Processor1 Year on Handset and 6 Months on Accessories,Mid-Range
realme,"realme P2 Pro 5G (Parrot Green, 512 GB)",23999,"17,041 Ratings & 1,386 Reviews",12 GB RAM | 512 GB ROM17.02 cm (6.7 inch) Full HD+ Display50MP + 8MP | 32MP Front Camera5200 mAh Battery7s Gen2 Processor1 Year Manufacturer Warranty for Device and 6 Months Manufacturer Warranty for Inbox Accessories,Mid-Range
Infinix,"Infinix Note 50x 5G+ (Sea Breeze Green, 128 GB)",11499,"8,414 Ratings & 901 Reviews",6 GB RAM | 128 GB ROM16.94 cm (6.67 inch) HD+ Display50MP + AI Lens | 8MP Front Camera5500 mAh BatteryDimensity 7300 Ultimate Processor1 Year Warranty on the Handset and 6 Months Warranty on the In-box Accessories,Budget
itel,itel it5330 | 2.8 inch Big Display | 1900 mAh Battery | Kingvoice,1349,"16,621 Ratings & 1,025 Reviews",32 MB RAM | 32 MB ROM | Expandable Upto 32 GB7.11 cm (2.8 inch) Quarter QVGA Display0.8MP + 0MP | 0MP Front Camera1900 mAh BatteryUnisoc Processor12+1 month manufacturer warranty,Budget
CMF,"CMF by Nothing Phone 2 Pro (White, 128 GB)",18999,"10,226 Ratings & 965 Reviews",8 GB RAM | 128 GB ROM | Expandable Upto 2 TB17.2 cm (6.77 inch) Display50MP + 50MP + 8MP | 16MP Front Camera5000 mAh BatteryDimensity 7300 Pro 5G Processor1 Year Manufacturing Warranty,Mid-Range
Infinix,"Infinix Note 50x 5G+ (Enchanted Purple, 128 GB)",11499,"8,414 Ratings & 901 Reviews",6 GB RAM | 128 GB ROM16.94 cm (6.67 inch) HD+ Display50MP + AI Lens | 8MP Front Camera5500 mAh BatteryDimensity 7300 Ultimate Processor1 Year Warranty on the Handset and 6 Months Warranty on the In-box Accessories,Budget
POCO,"POCO M7 Pro 5G (Lavender Frost, 128 GB)",12999,"13,796 Ratings & 1,280 Reviews",6 GB RAM | 128 GB ROM16.94 cm (6.67 inch) Full HD+ Display50MP + 2MP | 20MP Front Camera5110 mAh BatteryDimensity 7025 Ultra Processor1 Year Manufacturer Warranty for Phone and 6 Months Warranty for In the Box Accessories,Budget
POCO,"POCO M7 Pro 5G (Olive Twilight, 128 GB)",12999,"13,796 Ratings & 1,280 Reviews",6 GB RAM | 128 GB ROM16.94 cm (6.67 inch) Full HD+ Display50MP + 2MP | 20MP Front Camera5110 mAh BatteryDimensity 7025 Ultra Processor1 Year Manufacturer Warranty for Phone and 6 Months Warranty for In the Box Accessories,Budget
Nokia,Nokia 105 Classic without Charger,984,"4,076 Ratings & 182 Reviews",32 MB RAM | 32 MB ROM4.5 cm (1.77 inch) Display0MP Front Camera800 mAh BatterySC6531E Processor1 Month Company Domestic Warranty by Company Authorized Service Center.,Budget
REDMI,"REDMI 13 5G (Orchid Pink, 128 GB)",12034,"38,710 Ratings & 2,029 Reviews",6 GB RAM | 128 GB ROM17.25 cm (6.79 inch) Full HD+ Display108MP Rear Camera5030 mAh BatteryQualcomm SM4450 Snapdragon 4 Gen 2 AE (4 nm) Processor1 year manufacture warranty,Budget
Motorola,"Motorola G85 5G (Cobalt Blue, 128 GB)",16999,"2,03,176 Ratings & 10,586 Reviews",8 GB RAM | 128 GB ROM16.94 cm (6.67 inch) Full HD+ Display50MP + 8MP | 32MP Front Camera5000 mAh Battery6s Gen 3 Processor1 Year on Handset and 6 Months on Accessories,Mid-Range
Motorola,"Motorola Edge 50 Fusion (Hot Pink, 256 GB)",20999,"1,51,000 Ratings & 10,527 Reviews",12 GB RAM | 256 GB ROM17.02 cm (6.7 inch) Full HD+ Display50MP + 13MP | 32MP Front Camera5000 mAh Battery7s Gen 2 Processor1 Year on Handset and 6 Months on Accessories,Mid-Range
OPPO,"OPPO K13x 5G 6000mAh and 45W SUPERVOOC Charger & AI (Midnight Violet, 128 GB)",11999,135 Ratings & 2 Reviews,4 GB RAM | 128 GB ROM | Expandable Upto 2 TB16.94 cm (6.67 inch) HD+ Display50MP + 2MP | 8MP Front Camera6000 mAh BatteryDimensity 6300 Processor1 Year Manufacturer Warranty for Device and 6 Months Manufacturer Warranty for Inbox Accessories,Budget
Nokia,Nokia 105 Classic with Charger,1295,"5,435 Ratings & 350 Reviews",32 MB RAM | 32 MB ROM4.5 cm (1.77 inch) Display0MP Front Camera800 mAh BatterySC6531E ProcessorNo Warranty on this Product,Budget
Samsung,"Samsung Galaxy F16 5G (Glam Green, 128 GB)",11499,"1,942 Ratings & 131 Reviews",4 GB RAM | 128 GB ROM16.91 cm (6.657 inch) Full HD+ Display50MP + 5MP + 2MP | 13MP Front Camera5000 mAh BatteryDimensity 6300 Processor1 Year Manufacturer Warranty for Device and 6 Months for In-Box Accessories,Budget
vivo,"vivo T4x 5G (Marine Blue, 128 GB)",14999,"52,328 Ratings & 3,100 Reviews",8 GB RAM | 128 GB ROM17.07 cm (6.72 inch) Display50MP + 2MP | 8MP Front Camera6500 mAh BatteryDimensity 7300 5G Processor1 Year Warranty for Device and 6 Months Warranty for Accessories,Budget
REDMI,"REDMI 13 5G (Hawaiian Blue, 128 GB)",13999,"9,382 Ratings & 554 Reviews",8 GB RAM | 128 GB ROM | Expandable Upto 1 TB17.25 cm (6.79 inch) Full HD+ Display108MP + 2MP | 13MP Front Camera5030 mAh Lithium Polymer Battery4 Gen 2 AE Processor1 Year Manufacturer Warranty for Phone and 6 Months Warranty for In the Box Accessories,Budget
Samsung,"Samsung Galaxy M35 5G (Thunder Grey, 128 GB)",16785,"2,684 Ratings & 190 Reviews",8 GB RAM | 128 GB ROM16.76 cm (6.6 inch) Display50MP Rear Camera6000 mAh Battery1 YEAR,Mid-Range
realme,"realme 14 Pro+ 5G (Suede Grey, 256 GB)",34999,"5,472 Ratings & 681 Reviews",12 GB RAM | 256 GB ROM17.35 cm (6.83 inch) Display50MP + 50MP + 8MP | 32MP Front Camera6000 mAh Battery7s Gen 3 Mobile Platform Processor1 Year Manufacturer Warranty for Device and 6 Months Manufacturer Warranty for Inbox Accessories,Flagship
MOTOROLA,"MOTOROLA Edge 60 5G (PANTONE Gibraltar Sea, 256 GB)",25999,756 Ratings & 73 Reviews,12 GB RAM | 256 GB ROM | Expandable Upto 1 TB16.94 cm (6.67 inch) Display50MP + 50MP + 10MP | 50MP Front Camera5500 mAh BatteryDimensity 7400 Processor1 Year Warranty on Handset and 6 Months Warranty on Accessories,Mid-Range
Samsung,"Samsung Galaxy F16 5G (Glam Green, 128 GB)",12999,"2,972 Ratings & 224 Reviews",6 GB RAM | 128 GB ROM16.91 cm (6.657 inch) Full HD+ Display50MP + 5MP + 2MP | 13MP Front Camera5000 mAh BatteryDimensity 6300 Processor1 Year Manufacturer Warranty for Device and 6 Months for In-Box Accessories,Budget
vivo,"vivo T4 5G (Phantom Grey, 128 GB)",21999,"28,197 Ratings & 1,496 Reviews",8 GB RAM | 128 GB ROM17.2 cm (6.77 inch) Display50MP (OIS) + 2MP | 32MP Front Camera7300 mAh BatterySnapdragon 7s Gen 3 5G Processor1 Year Warranty on the Handset and 6 Months Warranty on Inbox Accessories,Mid-Range
MOTOROLA,"MOTOROLA Edge 60 Fusion 5G (PANTONE Amazonite, 256 GB)",22999,"30,057 Ratings & 1,799 Reviews",8 GB RAM | 256 GB ROM | Expandable Upto 1 TB16.94 cm (6.67 inch) Display50MP + 13MP | 32MP Front Camera5500 mAh BatteryDimensity 7400 Processor68W Charger1 Year Warranty on Handset and 6 Months Warranty on Accessories,Mid-Range
realme,"realme 14 Pro+ 5G (Suede Grey, 512 GB)",37999,"5,472 Ratings & 681 Reviews",12 GB RAM | 512 GB ROM17.35 cm (6.83 inch) Display50MP + 50MP + 8MP | 32MP Front Camera6000 mAh Battery7s Gen 3 Mobile Platform Processor1 Year Manufacturer Warranty for Device and 6 Months Manufacturer Warranty for Inbox Accessories,Flagship
hmd,hmd 105 Dual Sim,1135,"1,684 Ratings & 147 Reviews",4 MB RAM | 4 MB ROM | Expandable Upto 32 GB5.08 cm (2 inch) Display1000 mAh BatterySC6531E Processor1 Year Replacement.,Budget
realme,"realme P3 5G (Space Silver, 128 GB)",15999,"13,997 Ratings & 1,109 Reviews",6 GB RAM | 128 GB ROM | Expandable Upto 2 TB16.94 cm (6.67 inch) Full HD+ Display50MP + 2MP | 16MP Front Camera6000 mAh Battery6 Gen 4 Processor1 Year Manufacturer Warranty for Device and 6 Months Manufacturer Warranty for Inbox Accessories,Mid-Range
IQOO,"IQOO Z9s 5G (Titanium Matte, 128 GB)",18949,"7,268 Ratings & 467 Reviews",8 GB RAM | 128 GB ROM17.2 cm (6.77 inch) Display50MP Rear Camera5500 mAh Battery1 year manufacturer warranty for device & 6 months for In-box accessories from the date of purchase,Mid-Range
MOTOROLA,"MOTOROLA Edge 60 Fusion 5G (PANTONE Zephyr, 256 GB)",22999,"30,057 Ratings & 1,799 Reviews",8 GB RAM | 256 GB ROM | Expandable Upto 1 TB16.94 cm (6.67 inch) Display50MP + 13MP | 32MP Front Camera5500 mAh BatteryDimensity 7400 Processor68W Charger1 Year Warranty on Handset and 6 Months Warranty on Accessories,Mid-Range
REDMI,"REDMI A4 5G only on Jio SIM (Sparkle Purple, 64 GB)",8849,"6,002 Ratings & 303 Reviews",4 GB RAM | 64 GB ROM17.48 cm (6.88 inch) Display50MP Rear Camera5160 mAh Battery1 Year,Budget
Tecno,"Tecno Pova 6 Neo 5G (Midnight Shadow, 128 GB)",9499,"1,942 Ratings & 119 Reviews",6 GB RAM | 128 GB ROM | Expandable Upto 1 TB16.94 cm (6.67 inch) Display108MP Rear Camera | 8MP Front Camera5000 mAh BatteryDimensity 6300 5G Processor1 Year Manufacturer Warranty for Phone,Budget
Samsung,"Samsung Galaxy M35 5G (Moonlight Blue, 128 GB)",16187,"2,684 Ratings & 190 Reviews",8 GB RAM | 128 GB ROM16.76 cm (6.6 inch) Display50MP Rear Camera6000 mAh Battery1 YEAR,Mid-Range
Samsung,"Samsung Galaxy A35 5G (Awesome Lilac, 256 GB)",21999,"16,448 Ratings & 1,177 Reviews",8 GB RAM | 256 GB ROM | Expandable Upto 1 TB16.76 cm (6.6 inch) Full HD+ Display50MP + 8MP + 5MP | 13MP Front Camera5000 mAh BatteryExynos 1380 Processor1 Year Manufacturer Warranty for Device and 6 Months for In-Box Accessories,Mid-Range
realme,"realme 14x 5G (Crystal Black, 128 GB)",14999,"9,114 Ratings & 470 Reviews",6 GB RAM | 128 GB ROM | Expandable Upto 2 TB16.94 cm (6.67 inch) HD+ Display50MP Rear Camera | 8MP Front Camera6000 mAh BatteryDimensity 6300 Processor1 Year Manufacturer Warranty for Device and 6 Months Manufacturer Warranty for Inbox Accessories,Budget
POCO,"POCO M7 5G (Satin Black, 128 GB)",9499,"20,876 Ratings & 1,180 Reviews",6 GB RAM | 128 GB ROM | Expandable Upto 1 TB17.48 cm (6.88 inch) HD+ Display50MP Rear Camera | 8MP Front Camera5160 mAh Battery4 Gen 2 5G Processor1 Year Manufacturer Warranty for Phone and 6 Months Warranty for In the Box Accessories,Budget
Infinix,"Infinix Note 50x 5G+ (Titanium Grey, 128 GB)",11499,"8,414 Ratings & 901 Reviews",6 GB RAM | 128 GB ROM16.94 cm (6.67 inch) HD+ Display50MP + AI Lens | 8MP Front Camera5500 mAh BatteryDimensity 7300 Ultimate Processor1 Year Warranty on the Handset and 6 Months Warranty on the In-box Accessories,Budget
vivo,"vivo T4 5G (Phantom Grey, 256 GB)",25999,"5,435 Ratings & 343 Reviews",12 GB RAM | 256 GB ROM17.2 cm (6.77 inch) Display50MP (OIS) + 2MP | 32MP Front Camera7300 mAh BatterySnapdragon 7s Gen 3 5G Processor1 Year Warranty on the Handset and 6 Months Warranty on Inbox Accessories,Mid-Range
realme,"realme C63 5G Charger in the Box (Starry Gold, 128 GB)",10999,"21,759 Ratings & 656 Reviews",6 GB RAM | 128 GB ROM | Expandable Upto 2 TB16.94 cm (6.67 inch) HD+ Display32MP Rear Camera | 8MP Front Camera5000 mAh BatteryDimensity 6300 Processor1 Year Manufacturer Warranty for Device and 6 Months Manufacturer Warranty for Inbox Accessories,Budget
IQOO,"IQOO Z10X 5G (Ultramarine, 128 GB)",13990,975 Ratings & 68 Reviews,6 GB RAM | 128 GB ROM17.02 cm (6.7 inch) Display50MP Rear Camera6500 mAh Battery1 Year on Handset and 6 Months on Accessories,Budget
Samsung,"Samsung Galaxy F16 5G (Bling Black, 128 GB)",14499,"1,275 Ratings & 107 Reviews",8 GB RAM | 128 GB ROM16.91 cm (6.657 inch) Full HD+ Display50MP + 5MP + 2MP | 13MP Front Camera5000 mAh BatteryDimensity 6300 Processor1 Year Manufacturer Warranty for Device and 6 Months for In-Box Accessories,Budget
POCO,"POCO X7 5G (Yellow, 128 GB)",16999,"9,020 Ratings & 888 Reviews",8 GB RAM | 128 GB ROM16.94 cm (6.67 inch) Display50MP + 8MP + 2MP | 20MP Front Camera5500 mAh BatteryDimensity 7300 Ultra Processor1 Year Manufacturer Warranty for Phone and 6 Months Warranty for In the Box Accessories,Mid-Range
realme,"realme Narzo N61 (Voyage Blue, 128 GB)",9149,"1,633 Ratings & 65 Reviews",6 GB RAM | 128 GB ROM17.12 cm (6.74 inch) Display32MP Rear Camera5000 mAh Battery1 Year,Budget
realme,"realme Narzo N61 (Marble Black, 128 GB)",9177,"1,633 Ratings & 65 Reviews",6 GB RAM | 128 GB ROM17.12 cm (6.74 inch) Display32MP Rear Camera5000 mAh Battery1 Year,Budget
POCO,"POCO M7 Pro 5G (Olive Twilight, 128 GB)",12999,"13,796 Ratings & 1,280 Reviews",6 GB RAM | 128 GB ROM16.94 cm (6.67 inch) Full HD+ Display50MP + 2MP | 20MP Front Camera5110 mAh BatteryDimensity 7025 Ultra Processor1 Year Manufacturer Warranty for Phone and 6 Months Warranty for In the Box Accessories,Budget
POCO,"POCO M7 5G (Mint Green, 128 GB)",9499,"20,876 Ratings & 1,180 Reviews",6 GB RAM | 128 GB ROM | Expandable Upto 1 TB17.48 cm (6.88 inch) HD+ Display50MP Rear Camera | 8MP Front Camera5160 mAh Battery4 Gen 2 5G Processor1 Year Manufacturer Warranty for Phone and 6 Months Warranty for In the Box Accessories,Budget
Samsung,"Samsung Galaxy S24 Ultra 5G (Titanium Gray, 256 GB)",82899,"3,142 Ratings & 314 Reviews",12 GB RAM | 256 GB ROM17.27 cm (6.8 inch) Quad HD+ Display200MP + 50MP + 12MP + 10MP | 12MP Front Camera5000 mAh BatterySnapdragon 8 Gen 3 Processor1 Year Manufacturer Warranty for Device and 6 Months for In-Box Accessories,Flagship
Samsung,"Samsung Galaxy A35 5G (Awesome Lilac, 256 GB)",21999,"16,448 Ratings & 1,177 Reviews",8 GB RAM | 256 GB ROM | Expandable Upto 1 TB16.76 cm (6.6 inch) Full HD+ Display50MP + 8MP + 5MP | 13MP Front Camera5000 mAh BatteryExynos 1380 Processor1 Year Manufacturer Warranty for Device and 6 Months for In-Box Accessories,Mid-Range
Infinix,"Infinix Note 50s 5G+ (Titanium Grey, 128 GB)",15999,"11,782 Ratings & 1,220 Reviews",8 GB RAM | 128 GB ROM17.22 cm (6.78 inch) Full HD+ Display64MP + 2MP | 13MP Front Camera5500 mAh BatteryDimensity 7300 Ultimate Processor1 Year Warranty for Handset and 6 Months Warranty for Accessories,Mid-Range
Nothing,"Nothing Phone (3a) (Blue, 256 GB)",26999,"24,945 Ratings & 2,263 Reviews",8 GB RAM | 256 GB ROM43.66 cm (17.19 cm) Full HD+ Display50MP (Main) + 50MP (2X Tele Photo) + 8MP (Ultra-Wide) | 32MP Front Camera5000 mAh Battery7s Gen3 Processor1 Year Manufacturing Warranty,Mid-Range
Infinix,"Infinix Note 50s 5G+ (Burgundy Red, 256 GB)",17999,"11,782 Ratings & 1,220 Reviews",8 GB RAM | 256 GB ROM17.22 cm (6.78 inch) Full HD+ Display64MP + 2MP | 13MP Front Camera5500 mAh BatteryDimensity 7300 Ultimate Processor1 Year Warranty for Handset and 6 Months Warranty for Accessories,Mid-Range
realme,"realme P2 Pro 5G (Eagle Grey, 128 GB)",17999,"15,865 Ratings & 1,160 Reviews",8 GB RAM | 128 GB ROM17.02 cm (6.7 inch) Full HD+ Display50MP + 8MP | 32MP Front Camera5200 mAh Battery7s Gen2 Processor1 Year Manufacturer Warranty for Device and 6 Months Manufacturer Warranty for Inbox Accessories,Mid-Range
Samsung,"Samsung Galaxy S24 Ultra 5G (Titanium Black, 256 GB)",82838,"3,142 Ratings & 314 Reviews",12 GB RAM | 256 GB ROM17.27 cm (6.8 inch) Quad HD+ Display200MP + 50MP + 12MP + 10MP | 12MP Front Camera5000 mAh BatterySnapdragon 8 Gen 3 Processor1 Year Manufacturer Warranty for Device and 6 Months for In-Box Accessories,Flagship
Samsung,"Samsung Galaxy M35 5G (Thunder Grey, 128 GB)",16785,"2,684 Ratings & 190 Reviews",8 GB RAM | 128 GB ROM16.76 cm (6.6 inch) Display50MP Rear Camera6000 mAh Battery1 YEAR,Mid-Range
Apple,"Apple iPhone 13 (Starlight, 128 GB)",44999,"2,92,103 Ratings & 13,951 Reviews",128 GB ROM15.49 cm (6.1 inch) Super Retina XDR Display12MP + 12MP | 12MP Front CameraA15 Bionic Chip Processor1 year warranty for phone and 1 year warranty for in Box Accessories.,Flagship
Infinix,"Infinix Note 50s 5G+ (Titanium Grey, 128 GB)",14999,45 Ratings & 3 Reviews,6 GB RAM | 128 GB ROM17.22 cm (6.78 inch) Full HD+ Display64MP + 2MP | 13MP Front Camera5500 mAh BatteryDimensity 7300 Ultimate Processor1 Year Warranty for Handset and 6 Months Warranty for Accessories,Budget
Samsung,"Samsung Galaxy F06 5G (Bahama Blue, 128 GB)",10999,"5,919 Ratings & 458 Reviews",6 GB RAM | 128 GB ROM | Expandable Upto 1500 GB17.02 cm (6.7 inch) HD+ Display50MP + 2MP | 8MP Front Camera5000 mAh BatteryDimensity 6300 Processor1 Year Manufacturer Warranty for Device and 6 Months for In-Box Accessories,Budget
Kechaoda,Kechaoda A26,945,"27,791 Ratings & 1,570 Reviews",32 MB RAM | 32 MB ROM | Expandable Upto 16 GB1.68 cm (0.66 inch) QVGA Display0MP | 0MP Front Camera800 mAh BatteryNA ProcessorNO WARRANTY,Budget
Kechaoda,Kechaoda K115,978,"40,533 Ratings & 2,625 Reviews",32 MB RAM | 32 MB ROM | Expandable Upto 32 GB3.66 cm (1.44 inch) QVGA Display0.3MP + 0.5MP | 0MP Front Camera850 mAh BatteryNA Processor1 Year Company Domestic Warranty by Company Authorized Service Center.,Budget
IQOO,"IQOO Z10X 5G (Titanium, 128 GB)",15476,519 Ratings & 26 Reviews,8 GB RAM | 128 GB ROM17.02 cm (6.7 inch) Display50MP Rear Camera6500 mAh Battery1 Year Warranty on Handset and 6 Months Warranty on Accessories,Mid-Range
itel,itel Keypad Mobile | 2.4 inch Display| Type C Charging,1069,265 Ratings & 16 Reviews,4 MB RAM | 4 MB ROM6.1 cm (2.4 inch) Display0.3MP Rear Camera1200 mAh Battery1 year manufacturer,Budget
MOTOROLA,"MOTOROLA Edge 60 Stylus (PANTONE Gibraltar Sea, 256 GB)",22999,"6,516 Ratings & 580 Reviews",8 GB RAM | 256 GB ROM | Expandable Upto 1 TB16.94 cm (6.67 inch) Display50MP + 13MP | 32MP Front Camera5000 mAh Battery7s Gen 2 Mobile Processor Processor1 Year Warranty on Handset and 6 Months Warranty on Accessories,Mid-Range
REDMI,"REDMI A3X (Ocean Green, 64 GB)",6499,"4,917 Ratings & 227 Reviews",4 GB RAM | 64 GB ROM | Expandable Upto 1 TB17.04 cm (6.71 inch) HD+ Display8MP Rear Camera | 5MP Front Camera5000 mAh Battery1 Year Manufacturer Warranty for Phone and 6 Months Warranty for In the Box Accessories,Budget
REDMI,"REDMI A3X (Olive Green, 64 GB)",5999,"7,690 Ratings & 352 Reviews",3 GB RAM | 64 GB ROM | Expandable Upto 1 TB17.04 cm (6.71 inch) HD+ Display8MP Rear Camera | 5MP Front Camera5000 mAh Battery1 Year Manufacturer Warranty for Phone and 6 Months Warranty for In the Box Accessories,Budget
REDMI,"REDMI A3X (Ocean Green, 128 GB)",6999,"4,917 Ratings & 227 Reviews",4 GB RAM | 128 GB ROM | Expandable Upto 1 TB17.04 cm (6.71 inch) HD+ Display8MP Rear Camera | 5MP Front Camera5000 mAh Battery1 Year Manufacturer Warranty for Phone and 6 Months Warranty for In the Box Accessories,Budget
Kechaoda,Kechaoda K115,985,"40,533 Ratings & 2,625 Reviews",32 MB RAM | 32 MB ROM | Expandable Upto 32 GB3.66 cm (1.44 inch) QVGA Display0.3MP + 0MP | 0MP Front Camera850 mAh BatteryNA ProcessorNO WARRANTY,Budget
POCO,"POCO C71 (Cool Blue, 128 GB)",6999,"5,122 Ratings & 317 Reviews","6 GB RAM | 128 GB ROM | Expandable Upto 2 TB17.48 cm (6.88 inch) HD+ Display32MP Rear Camera | 8MP Front Camera5200 mAh BatteryUnisoc T7250
Max clock speed: 
2 x A75@1.8GHz
6 x A55@1.6GHz Processor1 Year Manufacturer Warranty for Phone and 6 Months Warranty for In the Box Accessories",Budget
Tecno,"Tecno Pova 6 Neo 5G (Midnight Shadow, 128 GB)",9499,"1,942 Ratings & 119 Reviews",6 GB RAM | 128 GB ROM | Expandable Upto 1 TB16.94 cm (6.67 inch) Display108MP Rear Camera | 8MP Front Camera5000 mAh BatteryDimensity 6300 5G Processor1 Year Manufacturer Warranty for Phone,Budget
Nokia,"Nokia 105 Single SIM, Keypad Mobile Phone with Wireless FM Radio",1159,"1,57,035 Ratings & 9,914 Reviews",32 MB RAM | 32 MB ROM4.5 cm (1.77 inch) Display0MP | 0MP Front Camera1000 mAh BatterySC6531E Processor1YR BRAND WARRANTY ON HANDSET & 6 MONTHS WARRANTY ON ACCESSORIES,Budget
Samsung,"Samsung Galaxy S24 Ultra 5G (Titanium Black, 256 GB)",83438,"3,142 Ratings & 314 Reviews",12 GB RAM | 256 GB ROM17.27 cm (6.8 inch) Quad HD+ Display200MP + 50MP + 12MP + 10MP | 12MP Front Camera5000 mAh BatterySnapdragon 8 Gen 3 Processor1 Year Manufacturer Warranty for Device and 6 Months for In-Box Accessories,Flagship
Infinix,"Infinix Note 50x 5G+ (Titanium Grey, 128 GB)",12999,"2,246 Ratings & 230 Reviews",8 GB RAM | 128 GB ROM16.94 cm (6.67 inch) HD+ Display50MP + AI Lens | 8MP Front Camera5500 mAh BatteryDimensity 7300 Ultimate Processor1 Year Warranty on the Handset and 6 Months Warranty on the In-box Accessories,Budget
Nokia,"Nokia 105 Single SIM, Keypad Mobile Phone with Wireless FM Radio",1298,"1,57,035 Ratings & 9,914 Reviews",32 MB RAM | 32 MB ROM4.5 cm (1.77 inch) Display0MP | 0MP Front Camera1000 mAh BatterySC6531E Processor1YR BRAND WARRANTY ON HANDSET & 6 MONTHS WARRANTY ON ACCESSORIES,Budget
OnePlus,"OnePlus Nord CE4 lite 5G (MEGA BLUE, 256 GB)",22998,"22,440 Ratings & 1,102 Reviews",8 GB RAM | 256 GB ROM16.94 cm (6.67 inch) Display50MP Rear Camera5500 mAh Battery1 year,Mid-Range
Infinix,"Infinix Note 50s 5G+ (Marine Drift, 128 GB)",15999,"11,782 Ratings & 1,220 Reviews",8 GB RAM | 128 GB ROM17.22 cm (6.78 inch) Full HD+ Display64MP + 2MP | 13MP Front Camera5500 mAh BatteryDimensity 7300 Ultimate Processor1 Year Warranty for Handset and 6 Months Warranty for Accessories,Mid-Range
vivo,"vivo T3 Pro 5G (Emerald Green, 128 GB)",22999,"80,347 Ratings & 5,141 Reviews",8 GB RAM | 128 GB ROM17.2 cm (6.77 inch) Full HD+ AMOLED Display50MP + 8MP | 16MP Front Camera5500 mAh BatterySnapdragon 7 Gen 3 Processor1 Year Warranty on Handset and 6 Months Warranty on Accessories,Mid-Range
vivo,"vivo T3 Pro 5G (Sandstone Orange, 128 GB)",22999,"80,347 Ratings & 5,141 Reviews",8 GB RAM | 128 GB ROM17.2 cm (6.77 inch) Full HD+ AMOLED Display50MP + 8MP | 16MP Front Camera5500 mAh BatterySnapdragon 7 Gen 3 Processor1 Year Warranty on Handset and 6 Months Warranty on Accessories,Mid-Range
vivo,"vivo T3 Pro 5G (Emerald Green, 256 GB)",24999,"80,347 Ratings & 5,141 Reviews",8 GB RAM | 256 GB ROM17.2 cm (6.77 inch) Full HD+ AMOLED Display50MP + 8MP | 16MP Front Camera5500 mAh BatterySnapdragon 7 Gen 3 Processor1 Year Warranty on Handset and 6 Months Warranty on Accessories,Mid-Range
Infinix,"Infinix Note 50s 5G+ (Marine Drift, 256 GB)",17999,"11,782 Ratings & 1,220 Reviews",8 GB RAM | 256 GB ROM17.22 cm (6.78 inch) Full HD+ Display64MP + 2MP | 13MP Front Camera5500 mAh BatteryDimensity 7300 Ultimate Processor1 Year Warranty for Handset and 6 Months Warranty for Accessories,Mid-Range
Infinix,"Infinix Note 50s 5G+ (Titanium Grey, 256 GB)",17999,"11,782 Ratings & 1,220 Reviews",8 GB RAM | 256 GB ROM17.22 cm (6.78 inch) Full HD+ Display64MP + 2MP | 13MP Front Camera5500 mAh BatteryDimensity 7300 Ultimate Processor1 Year Warranty for Handset and 6 Months Warranty for Accessories,Mid-Range
realme,"realme C63 5G Charger in the Box (Starry Gold, 128 GB)",10999,"6,523 Ratings & 262 Reviews",4 GB RAM | 128 GB ROM | Expandable Upto 2 TB16.94 cm (6.67 inch) HD+ Display32MP Rear Camera | 8MP Front Camera5000 mAh BatteryDimensity 6300 Processor1 Year Manufacturer Warranty for Device and 6 Months Manufacturer Warranty for Inbox Accessories,Budget
realme,"realme C63 5G Charger in the Box (Starry Gold, 128 GB)",12999,"3,783 Ratings & 123 Reviews",8 GB RAM | 128 GB ROM | Expandable Upto 2 TB16.94 cm (6.67 inch) HD+ Display32MP Rear Camera | 8MP Front Camera5000 mAh BatteryDimensity 6300 Processor1 Year Manufacturer Warranty for Device and 6 Months Manufacturer Warranty for Inbox Accessories,Budget
POCO,"POCO M7 Pro 5G (Olive Twilight, 128 GB)",12999,"13,796 Ratings & 1,280 Reviews",6 GB RAM | 128 GB ROM16.94 cm (6.67 inch) Full HD+ Display50MP + 2MP | 20MP Front Camera5110 mAh BatteryDimensity 7025 Ultra Processor1 Year Manufacturer Warranty for Phone and 6 Months Warranty for In the Box Accessories,Budget
Motorola,"Motorola Edge 50 Neo (PANTONE Nautical Blue, 256 GB)",19999,"27,592 Ratings & 2,725 Reviews",8 GB RAM | 256 GB ROM16.26 cm (6.4 inch) Super HD Display50MP + 13MP + 10MP | 32MP Front Camera4310 mAh BatteryDimensity 7300 Processor1 Year Warranty on Handset and 6 Months Warranty on Accessories,Mid-Range
Samsung,"Samsung Galaxy S24 Ultra 5G (Titanium Gray, 256 GB)",82899,"3,142 Ratings & 314 Reviews",12 GB RAM | 256 GB ROM17.27 cm (6.8 inch) Quad HD+ Display200MP + 50MP + 12MP + 10MP | 12MP Front Camera5000 mAh BatterySnapdragon 8 Gen 3 Processor1 Year Manufacturer Warranty for Device and 6 Months for In-Box Accessories,Flagship
IQOO,"IQOO Z9s 5G (Onyx Green, 128 GB)",18648,"7,268 Ratings & 467 Reviews",8 GB RAM | 128 GB ROM17.2 cm (6.77 inch) Display50MP Rear Camera5500 mAh Battery1 Year on Handset and 6 Months on Accessories,Mid-Range
vivo,"vivo Y19e (Titanium Silver, 64 GB)",7999,"1,061 Ratings & 40 Reviews",4 GB RAM | 64 GB ROM | Expandable Upto 2 TB17.12 cm (6.74 inch) Display13MP + 0.08MP | 5MP Front Camera5500 mAh BatteryT7225 Processor1 Year Warranty on the Product and 6 Months Warranty on the Accessories,Budget
IQOO,"IQOO Z9s 5G (Titanium Matte, 128 GB)",18949,"7,268 Ratings & 467 Reviews",8 GB RAM | 128 GB ROM17.2 cm (6.77 inch) Display50MP Rear Camera5500 mAh Battery1 year manufacturer warranty for device & 6 months for In-box accessories from the date of purchase,Mid-Range
KARBONN,"KARBONN K101i Dual SIM,Keypad Mobile,1.8''LCD,1000mAh Battery,TypeC USB,Memory Up to32GB",890,146 Ratings & 8 Reviews,40 MB RAM | 35 MB ROM | Expandable Upto 32 GB4.57 cm (1.8 inch) FWVGA Display0MP | 0MP Front Camera1000 mAh BatteryNA Processor12 month Handset and 6 Month Box Accessories,Budget
realme,"realme Narzo N61 (Vyage Blue, 64 GB)",7459,"5,210 Ratings & 250 Reviews",4 GB RAM | 64 GB ROM17.12 cm (6.74 inch) Display32MP Rear Camera5000 mAh Battery1 Year,Budget
Infinix,"Infinix GT 30 Pro 5G+ (Blade White, 256 GB)",24999,487 Ratings & 50 Reviews,8 GB RAM | 256 GB ROM17.22 cm (6.78 inch) Display108MP + 8MP | 13MP Front Camera5500 mAh BatteryDimensity 8350 Ultimate Processor1 Year Warranty for Handset and 6 Months Warranty for Accessories,Mid-Range
Tecno,"Tecno Pova 6 Neo 5G (Midnight Shadow, 128 GB)",9499,"1,942 Ratings & 119 Reviews",6 GB RAM | 128 GB ROM | Expandable Upto 1 TB16.94 cm (6.67 inch) Display108MP Rear Camera | 8MP Front Camera5000 mAh BatteryDimensity 6300 5G Processor1 Year Manufacturer Warranty for Phone,Budget
Motorola,"Motorola Edge 50 Neo (PANTONE Nautical Blue, 256 GB)",19999,"27,592 Ratings & 2,725 Reviews",8 GB RAM | 256 GB ROM16.26 cm (6.4 inch) Super HD Display50MP + 13MP + 10MP | 32MP Front Camera4310 mAh BatteryDimensity 7300 Processor1 Year Warranty on Handset and 6 Months Warranty on Accessories,Mid-Range
Google,"Google Pixel 9A (Porcelain, 256 GB)",49999,"1,269 Ratings & 145 Reviews",8 GB RAM | 256 GB ROM15.96 cm (6.285 inch) Full HD+ Display48MP + 12MP | 12MP Front Camera5100 mAh BatteryTensor G4 Processor1 Year Domestic Warranty,Flagship
realme,"realme 14x 5G (Golden Glow, 128 GB)",15999,"5,206 Ratings & 286 Reviews",8 GB RAM | 128 GB ROM | Expandable Upto 2 TB16.94 cm (6.67 inch) HD+ Display50MP Rear Camera | 8MP Front Camera6000 mAh BatteryDimensity 6300 Processor1 Year Manufacturer Warranty for Device and 6 Months Manufacturer Warranty for Inbox Accessories,Mid-Range
REDMI,"REDMI 13 5G (Orchid Pink, 128 GB)",12034,"38,710 Ratings & 2,029 Reviews",6 GB RAM | 128 GB ROM17.25 cm (6.79 inch) Full HD+ Display108MP Rear Camera5030 mAh BatteryQualcomm SM4450 Snapdragon 4 Gen 2 AE (4 nm) Processor1 year manufacture warranty,Budget
Nothing,"Nothing Phone (3a) Pro (Black, 256 GB)",33999,"2,173 Ratings & 174 Reviews",12 GB RAM | 256 GB ROM43.66 cm (17.19 cm) Full HD+ Display50MP (Main) + 50MP (3X Periscope)+ 8MP (Ultra-Wide) | 50MP Front Camera5000 mAh Battery7s Gen3 Processor1 Year Manufacturing Warranty,Flagship
Samsung,"Samsung Galaxy S24 Ultra 5G (Titanium Violet, 256 GB)",83999,"3,142 Ratings & 314 Reviews",12 GB RAM | 256 GB ROM17.27 cm (6.8 inch) Quad HD+ Display200MP + 50MP + 12MP + 10MP | 12MP Front Camera5000 mAh BatterySnapdragon 8 Gen 3 Processor1 Year Manufacturer Warranty for Device and 6 Months for In-Box Accessories,Flagship
OnePlus,"OnePlus Nord CE4 (Dark Chrome, 256 GB)",23445,"23,036 Ratings & 1,302 Reviews",8 GB RAM | 256 GB ROM17.02 cm (6.7 inch) Display50MP Rear Camera5500 mAh BatteryOxygenOS 14.0 ProcessorDomestic Warranty 1 Year For Handset And 6 month For Accessories.,Mid-Range
OnePlus,"OnePlus Nord CE4 lite 5G (MEGA BLUE, 128 GB)",17395,"22,440 Ratings & 1,102 Reviews",8 GB RAM | 128 GB ROM16.94 cm (6.67 inch) Display50MP Rear Camera5500 mAh Battery1 year,Mid-Range
REDMI,"REDMI A4 5G only on Jio SIM (Starry Black, 128 GB)",9547,"6,002 Ratings & 303 Reviews",4 GB RAM | 128 GB ROM17.48 cm (6.88 inch) Display50MP Rear Camera5160 mAh Battery1 Year,Budget
REDMI,"REDMI A4 5G only on Jio SIM (Sparkle Purple, 64 GB)",8849,"6,002 Ratings & 303 Reviews",4 GB RAM | 64 GB ROM17.48 cm (6.88 inch) Display50MP Rear Camera5160 mAh Battery1 Year,Budget
realme,"realme 14x 5G (Jewel Red, 128 GB)",14999,"9,114 Ratings & 470 Reviews",6 GB RAM | 128 GB ROM | Expandable Upto 2 TB16.94 cm (6.67 inch) HD+ Display50MP Rear Camera | 8MP Front Camera6000 mAh BatteryDimensity 6300 Processor1 Year Manufacturer Warranty for Device and 6 Months Manufacturer Warranty for Inbox Accessories,Budget
Samsung,"Samsung Galaxy A55 5G (Awesome Navy, 128 GB)",26595,"1,670 Ratings & 143 Reviews",8 GB RAM | 128 GB ROM | Expandable Upto 1 TB16.76 cm (6.6 inch) Full HD+ Display50MP + 12MP + 5MP | 32MP Front Camera5000 mAh BatterySamsung Exynos 1480 Processor1 Year Manufacturer Warranty for Device and 6 Months for In-Box Accessories,Mid-Range
Apple,"Apple iPhone 16 (Ultramarine, 128 GB)",74900,"19,106 Ratings & 793 Reviews","128 GB ROM15.49 cm (6.1 inch) Super Retina XDR Display48MP + 12MP | 12MP Front CameraA18 Chip, 6 Core Processor Processor1 year warranty for phone and 1 year warranty for in Box Accessories.",Flagship
realme,"realme C63 5G Charger in the Box (Starry Gold, 128 GB)",10999,"21,759 Ratings & 656 Reviews",6 GB RAM | 128 GB ROM | Expandable Upto 2 TB16.94 cm (6.67 inch) HD+ Display32MP Rear Camera | 8MP Front Camera5000 mAh BatteryDimensity 6300 Processor1 Year Manufacturer Warranty for Device and 6 Months Manufacturer Warranty for Inbox Accessories,Budget
Infinix,"Infinix GT 30 Pro 5G+ (Dark Flare, 256 GB)",24999,487 Ratings & 50 Reviews,8 GB RAM | 256 GB ROM17.22 cm (6.78 inch) Display108MP + 8MP | 13MP Front Camera5500 mAh BatteryDimensity 8350 Ultimate Processor1 Year Warranty for Handset and 6 Months Warranty for Accessories,Mid-Range
OnePlus,"OnePlus Nord CE4 (Dark Chrome, 128 GB)",21690,"23,036 Ratings & 1,302 Reviews",8 GB RAM | 128 GB ROM17.02 cm (6.7 inch) Display50MP Rear Camera5500 mAh BatteryOxygenOS 14.0 ProcessorDomestic Warranty 1 Year For Handset And 6 month For Accessories.,Mid-Range
Apple,"Apple iPhone 16 (White, 128 GB)",74900,"19,106 Ratings & 793 Reviews","128 GB ROM15.49 cm (6.1 inch) Super Retina XDR Display48MP + 12MP | 12MP Front CameraA18 Chip, 6 Core Processor Processor1 year warranty for phone and 1 year warranty for in Box Accessories.",Flagship
Apple,"Apple iPhone 16 (Teal, 128 GB)",74900,"19,106 Ratings & 793 Reviews","128 GB ROM15.49 cm (6.1 inch) Super Retina XDR Display48MP + 12MP | 12MP Front CameraA18 Chip, 6 Core Processor Processor1 year warranty for phone and 1 year warranty for in Box Accessories.",Flagship
POCO,"POCO X7 5G (Glacier Green, 256 GB)",18999,"9,020 Ratings & 888 Reviews",8 GB RAM | 256 GB ROM16.94 cm (6.67 inch) Display50MP + 8MP + 2MP | 20MP Front Camera5500 mAh BatteryDimensity 7300 Ultra Processor1 Year Manufacturer Warranty for Phone and 6 Months Warranty for In the Box Accessories,Mid-Range
REDMI,"REDMI A5 (Just Black, 64 GB)",6499,"1,470 Ratings & 78 Reviews",3 GB RAM | 64 GB ROM | Expandable Upto 2 TB17.48 cm (6.88 inch) HD+ Display32MP Rear Camera | 8MP Front Camera5200 mAh BatteryT7250 Processor1 Year Manufacturer Warranty for Handset and 6 Months Warranty for In the Box Accessories,Budget
POCO,"POCO X7 Pro 5G (Obsidian Black, 256 GB)",23999,"7,072 Ratings & 1,059 Reviews",8 GB RAM | 256 GB ROM16.94 cm (6.67 inch) Display50MP + 8MP | 20MP Front Camera6550 mAh BatteryDimensity D8400 Ultra Processor1 Year Manufacturer Warranty for Phone and 6 Months Warranty for In the Box Accessories,Mid-Range
realme,"realme C63 5G Charger in the Box (Forest Green, 128 GB)",10999,"6,523 Ratings & 262 Reviews",4 GB RAM | 128 GB ROM | Expandable Upto 2 TB16.94 cm (6.67 inch) HD+ Display32MP Rear Camera | 8MP Front Camera5000 mAh BatteryDimensity 6300 Processor1 Year Manufacturer Warranty for Device and 6 Months Manufacturer Warranty for Inbox Accessories,Budget
Samsung,"Samsung Galaxy F16 5G (Vibing Blue, 128 GB)",12999,"2,972 Ratings & 224 Reviews",6 GB RAM | 128 GB ROM16.91 cm (6.657 inch) Full HD+ Display50MP + 5MP + 2MP | 13MP Front Camera5000 mAh BatteryDimensity 6300 Processor1 Year Manufacturer Warranty for Device and 6 Months for In-Box Accessories,Budget
POCO,"POCO M7 Pro 5G (Lavender Frost, 256 GB)",14999,"5,969 Ratings & 629 Reviews",8 GB RAM | 256 GB ROM16.94 cm (6.67 inch) Full HD+ Display50MP + 2MP | 20MP Front Camera5110 mAh BatteryDimensity 7025 Ultra Processor1 Year Manufacturer Warranty for Phone and 6 Months Warranty for In the Box Accessories,Budget
Nokia,Nokia 105 Classic with Charger,1295,"5,435 Ratings & 350 Reviews",32 MB RAM | 32 MB ROM4.5 cm (1.77 inch) Display0MP Front Camera800 mAh BatterySC6531E ProcessorNo Warranty on this Product,Budget
OnePlus,"OnePlus 13R 5G (Nebula Noir, 512 GB)",43278,712 Ratings & 52 Reviews,16 GB RAM | 512 GB ROM17.22 cm (6.78 inch) Display50MP Rear Camera6000 mAh Battery1 year manufacturer warranty for device and 1 year manufacturer warranty for in-box accessories including batteries from the date of purchase,Flagship
Infinix,"Infinix SMART 9 HD (Mint Green, 64 GB)",6699,"2,661 Ratings & 195 Reviews",3 GB RAM | 64 GB ROM | Expandable Upto 1 TB17.02 cm (6.7 inch) HD+ Display13MP Rear Camera | 8MP Front Camera5000 mAh Lithium-ion Polymer BatteryMediatek Helio G50 Processor1 Year Warranty on Handset and 6 Months Warranty on Accessories,Budget
Infinix,"Infinix SMART 9 HD (Coral Gold, 64 GB)",6699,"2,661 Ratings & 195 Reviews",3 GB RAM | 64 GB ROM | Expandable Upto 1 TB17.02 cm (6.7 inch) HD+ Display13MP Rear Camera | 8MP Front Camera5000 mAh Lithium-ion Polymer BatteryMediatek Helio G50 Processor1 Year Warranty on Handset and 6 Months Warranty on Accessories,Budget
realme,"realme C63 5G Charger in the Box (Forest Green, 128 GB)",10999,"21,759 Ratings & 656 Reviews",6 GB RAM | 128 GB ROM | Expandable Upto 2 TB16.94 cm (6.67 inch) HD+ Display32MP Rear Camera | 8MP Front Camera5000 mAh BatteryDimensity 6300 Processor1 Year Manufacturer Warranty for Device and 6 Months Manufacturer Warranty for Inbox Accessories,Budget
Nothing,"Nothing Phone (3a) Pro (Grey, 256 GB)",31999,"4,709 Ratings & 484 Reviews",8 GB RAM | 256 GB ROM43.66 cm (17.19 cm) Full HD+ Display50MP (Main) + 50MP (3X Periscope)+ 8MP (Ultra-Wide) | 50MP Front Camera5000 mAh Battery7s Gen3 Processor1 Year Manufacturing Warranty,Flagship
realme,"realme C63 5G Charger in the Box (Starry Gold, 128 GB)",10999,"6,523 Ratings & 262 Reviews",4 GB RAM | 128 GB ROM | Expandable Upto 2 TB16.94 cm (6.67 inch) HD+ Display32MP Rear Camera | 8MP Front Camera5000 mAh BatteryDimensity 6300 Processor1 Year Manufacturer Warranty for Device and 6 Months Manufacturer Warranty for Inbox Accessories,Budget
realme,"realme C63 5G Charger in the Box (Starry Gold, 128 GB)",12999,"3,783 Ratings & 123 Reviews",8 GB RAM | 128 GB ROM | Expandable Upto 2 TB16.94 cm (6.67 inch) HD+ Display32MP Rear Camera | 8MP Front Camera5000 mAh BatteryDimensity 6300 Processor1 Year Manufacturer Warranty for Device and 6 Months Manufacturer Warranty for Inbox Accessories,Budget
hmd,hmd 105 Dual Sim,1142,"1,684 Ratings & 147 Reviews",4 MB RAM | 4 MB ROM | Expandable Upto 32 GB5.08 cm (2 inch) Display1000 mAh BatterySC6531E Processor1 Year Replacement.,Budget
Kechaoda,Kechaoda K113,1299,578 Ratings & 41 Reviews,32 MB RAM | 64 MB ROM | Expandable Upto 32 GB7.11 cm (2.8 inch) QVGA Display0.3MP Rear Camera3000 mAh Battery1 Year Manufacturer Warranty,Budget
Tecno,"Tecno Pova 6 Neo 5G (Azure Sky, 128 GB)",9499,"1,942 Ratings & 119 Reviews",6 GB RAM | 128 GB ROM | Expandable Upto 1 TB16.94 cm (6.67 inch) Display108MP Rear Camera | 8MP Front Camera5000 mAh BatteryDimensity 6300 5G Processor1 Year Manufacturer Warranty for Phone,Budget
Apple,"Apple iPhone 16 Pro (Black Titanium, 128 GB)",112900,"2,148 Ratings & 116 Reviews","128 GB ROM16.0 cm (6.3 inch) Super Retina XDR Display48MP + 48MP + 12MP | 12MP Front CameraA18 Pro Chip, 6 Core Processor Processor1 year warranty for phone and 1 year warranty for in Box Accessories.",Flagship
CMF,"CMF by Nothing Phone 2 Pro (White, 128 GB)",18999,"10,226 Ratings & 965 Reviews",8 GB RAM | 128 GB ROM | Expandable Upto 2 TB17.2 cm (6.77 inch) Display50MP + 50MP + 8MP | 16MP Front Camera5000 mAh BatteryDimensity 7300 Pro 5G Processor1 Year Manufacturing Warranty,Mid-Range
realme,"realme 14 Pro+ 5G (Bikaner Purple, 256 GB)",31999,"9,511 Ratings & 1,345 Reviews",8 GB RAM | 256 GB ROM17.35 cm (6.83 inch) Display50MP + 50MP + 8MP | 32MP Front Camera6000 mAh Battery7s Gen 3 Mobile Platform Processor1 Year Manufacturer Warranty for Device and 6 Months Manufacturer Warranty for Inbox Accessories,Flagship
IQOO,"IQOO Z10 5G (Glacier Silver / Silver, 256 GB)",25998,315 Ratings & 29 Reviews,12 GB RAM | 256 GB ROM17.02 cm (6.7 inch) Display50MP Rear Camera7300 mAh Battery1 Year Warranty on Handset and 6 Months Warranty on Accessories,Mid-Range
vivo,"vivo T3 Pro 5G (Sandstone Orange, 256 GB)",24999,"80,347 Ratings & 5,141 Reviews",8 GB RAM | 256 GB ROM17.2 cm (6.77 inch) Full HD+ AMOLED Display50MP + 8MP | 16MP Front Camera5500 mAh BatterySnapdragon 7 Gen 3 Processor1 Year Warranty on Handset and 6 Months Warranty on Accessories,Mid-Range
Tecno,"Tecno Pova 6 Neo 5G (Azure Sky, 256 GB)",13999,282 Ratings & 20 Reviews,8 GB RAM | 256 GB ROM | Expandable Upto 1 TB16.94 cm (6.67 inch) Display108MP Rear Camera | 8MP Front Camera5000 mAh BatteryDimensity 6300 5G Processor1 Year Manufacturer Warranty for Phone,Budget
Tecno,"Tecno Pova 6 Neo 5G (Midnight Shadow, 256 GB)",13999,282 Ratings & 20 Reviews,8 GB RAM | 256 GB ROM | Expandable Upto 1 TB16.94 cm (6.67 inch) Display108MP Rear Camera | 8MP Front Camera5000 mAh BatteryDimensity 6300 5G Processor1 Year Manufacturer Warranty for Phone,Budget
Tecno,"Tecno Pova 6 Neo 5G (Aurora Cloud, 256 GB)",13999,282 Ratings & 20 Reviews,8 GB RAM | 256 GB ROM | Expandable Upto 1 TB16.94 cm (6.67 inch) Display108MP Rear Camera | 8MP Front Camera5000 mAh BatteryDimensity 6300 5G Processor1 Year Manufacturer Warranty for Phone,Budget
CMF,"CMF by Nothing Phone 2 Pro (Orange, 128 GB)",18999,"10,226 Ratings & 965 Reviews",8 GB RAM | 128 GB ROM | Expandable Upto 2 TB17.2 cm (6.77 inch) Display50MP + 50MP + 8MP | 16MP Front Camera5000 mAh BatteryDimensity 7300 Pro 5G Processor1 Year Manufacturing Warranty,Mid-Range
realme,"realme 14x 5G (Crystal Black, 128 GB)",15999,"5,206 Ratings & 286 Reviews",8 GB RAM | 128 GB ROM | Expandable Upto 2 TB16.94 cm (6.67 inch) HD+ Display50MP Rear Camera | 8MP Front Camera6000 mAh BatteryDimensity 6300 Processor1 Year Manufacturer Warranty for Device and 6 Months Manufacturer Warranty for Inbox Accessories,Mid-Range
realme,"realme 14x 5G (Golden Glow, 128 GB)",14999,"9,114 Ratings & 470 Reviews",6 GB RAM | 128 GB ROM | Expandable Upto 2 TB16.94 cm (6.67 inch) HD+ Display50MP Rear Camera | 8MP Front Camera6000 mAh BatteryDimensity 6300 Processor1 Year Manufacturer Warranty for Device and 6 Months Manufacturer Warranty for Inbox Accessories,Budget
Samsung,"Samsung Galaxy S24 Ultra 5G (Titanium Black, 256 GB)",83438,"3,142 Ratings & 314 Reviews",12 GB RAM | 256 GB ROM17.27 cm (6.8 inch) Quad HD+ Display200MP + 50MP + 12MP + 10MP | 12MP Front Camera5000 mAh BatterySnapdragon 8 Gen 3 Processor1 Year Manufacturer Warranty for Device and 6 Months for In-Box Accessories,Flagship
Samsung,"Samsung Galaxy S24 5G (Marble Gray, 128 GB)",46999,"5,292 Ratings & 335 Reviews",8 GB RAM | 128 GB ROM15.75 cm (6.2 inch) Full HD+ Display50MP + 10MP + 12MP | 12MP Front Camera4000 mAh BatteryExynos 2400 Processor1 Year Manufacturer Warranty for Device and 6 Months for In-Box Accessories,Flagship
realme,"realme C63 5G Charger in the Box (Forest Green, 128 GB)",12999,"3,783 Ratings & 123 Reviews",8 GB RAM | 128 GB ROM | Expandable Upto 2 TB16.94 cm (6.67 inch) HD+ Display32MP Rear Camera | 8MP Front Camera5000 mAh BatteryDimensity 6300 Processor1 Year Manufacturer Warranty for Device and 6 Months Manufacturer Warranty for Inbox Accessories,Budget
REDMI,"REDMI A4 (Sparkle Purple, 128 GB)",9477,"6,002 Ratings & 303 Reviews",4 GB RAM | 128 GB ROM17.48 cm (6.88 inch) Display50MP Rear Camera5160 mAh Battery1 Year,Budget
POCO,"POCO M7 5G (Satin Black, 128 GB)",10499,"3,801 Ratings & 243 Reviews",8 GB RAM | 128 GB ROM | Expandable Upto 1 TB17.48 cm (6.88 inch) HD+ Display50MP Rear Camera | 8MP Front Camera5160 mAh Battery4 Gen 2 5G Processor1 Year Manufacturer Warranty for Phone and 6 Months Warranty for In the Box Accessories,Budget
Nokia,Nokia 105 Classic without Charger,984,"4,076 Ratings & 182 Reviews",32 MB RAM | 32 MB ROM4.5 cm (1.77 inch) Display0MP Front Camera800 mAh BatterySC6531E Processor1 Month Company Domestic Warranty by Company Authorized Service Center.,Budget
Samsung,Samsung Guru Music 2,999,"1,918 Ratings & 126 Reviews",10 MB RAM | 10 MB ROM5.08 cm (2 inch) Display1100 mAh Battery1 year seller domestic warranty,Budget
Samsung,Samsung Guru Music 2,1100,"1,918 Ratings & 126 Reviews",10 MB RAM | 10 MB ROM5.08 cm (2 inch) Display1100 mAh Battery1 year seller domestic warranty,Budget
LAVA,LAVA Hero Shakti 2025,949,16 Ratings & 0 Reviews,4 MB RAM | 32 GB ROM4.57 cm (1.8 inch) Display800 mAh BatteryBrand Warranty of 1 Year Available for Mobile and 6 Months for Battery and Accessories,Budget
realme,"realme P1 Speed 5G (Textured Titanium, 128 GB)",14999,"2,421 Ratings & 260 Reviews",8 GB RAM | 128 GB ROM | Expandable Upto 2 TB16.94 cm (6.67 inch) Full HD+ Display50MP + 2MP | 16MP Front Camera5000 mAh BatteryDimensity 7300 Energy Processor1 Year Manufacturer Warranty for Device and 6 Months Manufacturer Warranty for Inbox Accessories,Budget
realme,"realme P3 Ultra 5G (Orion Red, 256 GB)",25999,"3,984 Ratings & 531 Reviews",8 GB RAM | 256 GB ROM17.35 cm (6.83 inch) Display50MP + 8MP | 16MP Front Camera6000 mAh BatteryDimensity 8350 Ultra Processor1 Year Manufacturer Warranty for Device and 6 Months Manufacturer Warranty for Inbox Accessories,Mid-Range
realme,"realme 14 Pro+ 5G (Suede Grey, 256 GB)",34999,"5,472 Ratings & 681 Reviews",12 GB RAM | 256 GB ROM17.35 cm (6.83 inch) Display50MP + 50MP + 8MP | 32MP Front Camera6000 mAh Battery7s Gen 3 Mobile Platform Processor1 Year Manufacturer Warranty for Device and 6 Months Manufacturer Warranty for Inbox Accessories,Flagship
Samsung,"Samsung Galaxy M35 5G (DayBreak Blue, 256 GB)",18765,"2,684 Ratings & 190 Reviews",8 GB RAM | 256 GB ROM16.76 cm (6.6 inch) Display50MP Rear Camera6000 mAh Battery1 YEAR,Mid-Range
IQOO,"IQOO Neo 10R 5G (MoonKnight Titanium, 256 GB)",31798,239 Ratings & 22 Reviews,12 GB RAM | 256 GB ROM17.22 cm (6.78 inch) Display50MP Rear Camera6400 mAh Battery1 Year Manufacturer Warranty for Phone and 6 Months Warranty for In the Box Accessories,Flagship
KARBONN,KARBONN K9,1353,392 Ratings & 21 Reviews,52 MB RAM | 32 MB ROM | Expandable Upto 32 GB6.1 cm (2.4 inch) QVGA Display2MP + 0MP | 2MP Front Camera1800 mAh Battery1 Year Manufacturer Warranty,Budget
realme,"realme 14T 5G (Surf Green, 128 GB)",17999,586 Ratings & 71 Reviews,8 GB RAM | 128 GB ROM | Expandable Upto 2 TB16.94 cm (6.67 inch) Full HD+ Display50MP + 2MP | 16MP Front Camera6000 mAh BatteryDimensity 6300 Processor1 Year Manufacturer Warranty for Device and 6 Months Manufacturer Warranty for Inbox Accessories,Mid-Range
realme,"realme P3 Pro 5G (Saturn Brown, 256 GB)",23999,"1,169 Ratings & 113 Reviews",12 GB RAM | 256 GB ROM17.35 cm (6.83 inch) Display50MP + 2MP | 16MP Front Camera6000 mAh Battery7s Gen 3 Mobile Platform Processor1 Year Manufacturer Warranty for Device and 6 Months Manufacturer Warranty for Inbox Accessories,Mid-Range
POCO,"POCO X7 5G (Cosmic Silver, 256 GB)",18999,"9,020 Ratings & 888 Reviews",8 GB RAM | 256 GB ROM16.94 cm (6.67 inch) Display50MP + 8MP + 2MP | 20MP Front Camera5500 mAh BatteryDimensity 7300 Ultra Processor1 Year Manufacturer Warranty for Phone and 6 Months Warranty for In the Box Accessories,Mid-Range
Samsung,Samsung Metro 313,1100,"8,313 Ratings & 652 Reviews",4 MB RAM | 32 MB ROM5.16 cm (2.03 inch) Display0.3MP Rear Camera1000 mAh Battery1 Year Warranty,Budget
realme,"realme P3 Ultra 5G (Neptune Blue, 128 GB)",23999,"3,984 Ratings & 531 Reviews",8 GB RAM | 128 GB ROM17.35 cm (6.83 inch) Display50MP + 8MP | 16MP Front Camera6000 mAh BatteryDimensity 8350 Ultra Processor1 Year Manufacturer Warranty for Device and 6 Months Manufacturer Warranty for Inbox Accessories,Mid-Range
OnePlus,"OnePlus Nord CE4 (Celadon Marble, 128 GB)",21956,"23,036 Ratings & 1,302 Reviews",8 GB RAM | 128 GB ROM17.02 cm (6.7 inch) Display50MP Rear Camera5500 mAh BatteryOxygenOS 14.0 ProcessorDomestic Warranty 1 Year For Handset And 6 month For Accessories.,Mid-Range
realme,"realme 14 Pro+ 5G (Suede Grey, 256 GB)",31999,"9,511 Ratings & 1,345 Reviews",8 GB RAM | 256 GB ROM17.35 cm (6.83 inch) Display50MP + 50MP + 8MP | 32MP Front Camera6000 mAh Battery7s Gen 3 Mobile Platform Processor1 Year Manufacturer Warranty for Device and 6 Months Manufacturer Warranty for Inbox Accessories,Flagship
realme,"realme 14 Pro+ 5G (Pearl White, 256 GB)",31999,"9,511 Ratings & 1,345 Reviews",8 GB RAM | 256 GB ROM17.35 cm (6.83 inch) Display50MP + 50MP + 8MP | 32MP Front Camera6000 mAh Battery7s Gen 3 Mobile Platform Processor1 Year Manufacturer Warranty for Device and 6 Months Manufacturer Warranty for Inbox Accessories,Flagship
IQOO,"IQOO Neo 10R 5G (MoonKnight Titanium, 256 GB)",28895,517 Ratings & 42 Reviews,8 GB RAM | 256 GB ROM17.22 cm (6.78 inch) Display50MP Rear Camera6400 mAh Battery1 Year Manufacturer Warranty for Phone and 6 Months Warranty for In the Box Accessories,Mid-Range
CMF,"CMF by Nothing Phone 2 Pro (Black, 128 GB)",18999,"10,226 Ratings & 965 Reviews",8 GB RAM | 128 GB ROM | Expandable Upto 2 TB17.2 cm (6.77 inch) Display50MP + 50MP + 8MP | 16MP Front Camera5000 mAh BatteryDimensity 7300 Pro 5G Processor1 Year Manufacturing Warranty,Mid-Range
CMF,"CMF by Nothing Phone 2 Pro (Light Green, 256 GB)",20999,"10,226 Ratings & 965 Reviews",8 GB RAM | 256 GB ROM | Expandable Upto 2 TB17.2 cm (6.77 inch) Display50MP + 50MP + 8MP | 16MP Front Camera5000 mAh BatteryDimensity 7300 Pro 5G Processor1 Year Manufacturing Warranty,Mid-Range
CMF,"CMF by Nothing Phone 2 Pro (Light Green, 128 GB)",18999,"10,226 Ratings & 965 Reviews",8 GB RAM | 128 GB ROM | Expandable Upto 2 TB17.2 cm (6.77 inch) Display50MP + 50MP + 8MP | 16MP Front Camera5000 mAh BatteryDimensity 7300 Pro 5G Processor1 Year Manufacturing Warranty,Mid-Range
Nothing,"Nothing Phone (3a) Pro (Grey, 256 GB)",33999,"2,173 Ratings & 174 Reviews",12 GB RAM | 256 GB ROM43.66 cm (17.19 cm) Full HD+ Display50MP (Main) + 50MP (3X Periscope)+ 8MP (Ultra-Wide) | 50MP Front Camera5000 mAh Battery7s Gen3 Processor1 Year Manufacturing Warranty,Flagship
MOTOROLA,"MOTOROLA Edge 60 Pro (Pantone Sparkling Grape, 256 GB)",33999,"3,779 Ratings & 418 Reviews",12 GB RAM | 256 GB ROM17.02 cm (6.7 inch) Display50MP + 50MP + 10MP | 50MP Front Camera6000 mAh BatteryDimensity 8350 Processor1 Year Warranty on Handset and 6 Months Warranty on Accessories,Flagship
MOTOROLA,"MOTOROLA Edge 50 (Peach Fuzz, 256 GB)",21999,"36,440 Ratings & 2,752 Reviews",8 GB RAM | 256 GB ROM16.94 cm (6.67 inch) Display50MP + 13MP + 10MP | 32MP Front Camera5000 mAh BatterySnapdragon 7 Gen 1 Accelerated Edition Processor1 Year Warranty on Handset and 6 Months Warranty on Accessories,Mid-Range
Apple,"Apple iPhone 16 Plus (Black, 256 GB)",94900,"2,700 Ratings & 161 Reviews","256 GB ROM17.02 cm (6.7 inch) Super Retina XDR Display48MP + 12MP | 12MP Front CameraA18 Chip, 6 Core Processor Processor1 year warranty for phone and 1 year warranty for in Box Accessories.",Flagship
realme,"realme GT 6 (Fluid Silver, 256 GB)",27999,"2,436 Ratings & 239 Reviews",12 GB RAM | 256 GB ROM17.22 cm (6.78 inch) Full HD+ Display50MP + 8MP + 50MP | 32MP Front Camera5500 mAh Battery8s Gen 3 Mobile Platform Processor1 Year Manufacturer Warranty for Device and 6 Months Manufacturer Warranty for Inbox Accessories,Mid-Range
Tecno,"Tecno Pova Curve 5G (Neon Cyan, 128 GB)",16999,392 Ratings & 76 Reviews,8 GB RAM | 128 GB ROM17.22 cm (6.78 inch) Display64MP Rear Camera | 13MP Front Camera5500 mAh BatteryDimensity 7300 Ultimate Processor1 Year Manufacturer Warranty for Handset,Mid-Range
Apple,"Apple iPhone 16 (White, 256 GB)",84900,"19,106 Ratings & 793 Reviews","256 GB ROM15.49 cm (6.1 inch) Super Retina XDR Display48MP + 12MP | 12MP Front CameraA18 Chip, 6 Core Processor Processor1 year warranty for phone and 1 year warranty for in Box Accessories.",Flagship
MOTOROLA,"MOTOROLA Edge 60 Pro (Pantone Dazzling Blue, 256 GB)",29999,"7,872 Ratings & 811 Reviews",8 GB RAM | 256 GB ROM17.02 cm (6.7 inch) Display50MP + 50MP + 10MP | 50MP Front Camera6000 mAh BatteryDimensity 8350 Processor1 Year Warranty on Handset and 6 Months Warranty on Accessories,Mid-Range
IQOO,"IQOO Z10 5G (Stellar Black / Black, 256 GB)",23820,"1,148 Ratings & 76 Reviews",8 GB RAM | 256 GB ROM17.2 cm (6.77 inch) Display50MP Rear Camera7300 mAh Battery1 Year Warranty on Handset and 6 Months Warranty on Accessories,Mid-Range
realme,"realme GT 6 (Razor Green, 512 GB)",32999,"5,130 Ratings & 582 Reviews",16 GB RAM | 512 GB ROM17.22 cm (6.78 inch) Full HD+ Display50MP + 8MP + 50MP | 32MP Front Camera5500 mAh Battery8s Gen 3 Mobile Platform Processor1 Year Manufacturer Warranty for Device and 6 Months Manufacturer Warranty for Inbox Accessories,Flagship
realme,"realme GT 6 (Razor Green, 256 GB)",27999,"3,256 Ratings & 355 Reviews",8 GB RAM | 256 GB ROM17.22 cm (6.78 inch) Full HD+ Display50MP + 8MP + 50MP | 32MP Front Camera5500 mAh Battery8s Gen 3 Mobile Platform Processor1 Year Manufacturer Warranty for Device and 6 Months Manufacturer Warranty for Inbox Accessories,Mid-Range
realme,"realme GT 6 (Razor Green, 256 GB)",28999,"2,436 Ratings & 239 Reviews",12 GB RAM | 256 GB ROM17.22 cm (6.78 inch) Full HD+ Display50MP + 8MP + 50MP | 32MP Front Camera5500 mAh Battery8s Gen 3 Mobile Platform Processor1 Year Manufacturer Warranty for Device and 6 Months Manufacturer Warranty for Inbox Accessories,Mid-Range
realme,"realme GT 6 (Fluid Silver, 256 GB)",27999,"3,256 Ratings & 355 Reviews",8 GB RAM | 256 GB ROM17.22 cm (6.78 inch) Full HD+ Display50MP + 8MP + 50MP | 32MP Front Camera5500 mAh Battery8s Gen 3 Mobile Platform Processor1 Year Manufacturer Warranty for Device and 6 Months Manufacturer Warranty for Inbox Accessories,Mid-Range
realme,"realme 14 Pro+ 5G (Suede Grey, 512 GB)",37999,"5,472 Ratings & 681 Reviews",12 GB RAM | 512 GB ROM17.35 cm (6.83 inch) Display50MP + 50MP + 8MP | 32MP Front Camera6000 mAh Battery7s Gen 3 Mobile Platform Processor1 Year Manufacturer Warranty for Device and 6 Months Manufacturer Warranty for Inbox Accessories,Flagship
realme,"realme 14 Pro+ 5G (Pearl White, 512 GB)",37999,"5,472 Ratings & 681 Reviews",12 GB RAM | 512 GB ROM17.35 cm (6.83 inch) Display50MP + 50MP + 8MP | 32MP Front Camera6000 mAh Battery7s Gen 3 Mobile Platform Processor1 Year Manufacturer Warranty for Device and 6 Months Manufacturer Warranty for Inbox Accessories,Flagship
Google,"Google Pixel 9A (Obsidian, 256 GB)",49999,"1,269 Ratings & 145 Reviews",8 GB RAM | 256 GB ROM15.96 cm (6.285 inch) Full HD+ Display48MP + 12MP | 12MP Front Camera5100 mAh BatteryTensor G4 Processor1 Year Domestic Warranty,Flagship
Samsung,"Samsung Galaxy A16 5G (Light Green, 128 GB)",14765,"2,045 Ratings & 103 Reviews",6 GB RAM | 128 GB ROM17.02 cm (6.7 inch) Full HD+ Display50MP + 5MP + 2MP | 13MP Front Camera5000 mAh BatteryDimensity 6300 Processor1 Year Manufacturer Warranty for Device and 6 Months for Inbox Accessories,Budget
Samsung,"Samsung Galaxy A16 5G (Gold, 128 GB)",14590,"2,045 Ratings & 103 Reviews",6 GB RAM | 128 GB ROM17.02 cm (6.7 inch) Full HD+ Display50MP + 5MP + 2MP | 13MP Front Camera5000 mAh BatteryDimensity 6300 Processor1 Year Manufacturer Warranty for Device and 6 Months for Inbox Accessories,Budget
POCO,"POCO C71 (Power Black, 128 GB)",6999,"5,122 Ratings & 317 Reviews","6 GB RAM | 128 GB ROM | Expandable Upto 2 TB17.48 cm (6.88 inch) HD+ Display32MP Rear Camera | 8MP Front Camera5200 mAh BatteryUnisoc T7250
Max clock speed: 
2 x A75@1.8GHz
6 x A55@1.6GHz Processor1 Year Manufacturer Warranty for Phone and 6 Months Warranty for In the Box Accessories",Budget
realme,"realme Narzo 80x 5G (Deep Ocean, 128 GB)",13489,250 Ratings & 5 Reviews,8 GB RAM | 128 GB ROM17.07 cm (6.72 inch) Display50MP Rear Camera6000 mAh Battery1 Year Manufacturer Warranty for Phone and 6 Months Warranty for In the Box Accessories,Budget
Kechaoda,Kechaoda A26_rose gold,949,467 Ratings & 14 Reviews,32 MB RAM | 16 GB ROM | Expandable Upto 32 MB1.68 cm (0.66 inch) NA Display0MP | 0MP Front Camera800 mAh BatteryNA Processor1 Year Company Domestic Warranty by Company Authorized Service Center.,Budget
Tecno,"Tecno Pova Curve 5G (Magic Silver, 128 GB)",15999,460 Ratings & 88 Reviews,6 GB RAM | 128 GB ROM17.22 cm (6.78 inch) Display64MP Rear Camera | 13MP Front Camera5500 mAh BatteryDimensity 7300 Ultimate Processor1 Year Manufacturer Warranty for Handset,Mid-Range
realme,"realme 14 Pro+ 5G (Suede Grey, 256 GB)",31999,"9,511 Ratings & 1,345 Reviews",8 GB RAM | 256 GB ROM17.35 cm (6.83 inch) Display50MP + 50MP + 8MP | 32MP Front Camera6000 mAh Battery7s Gen 3 Mobile Platform Processor1 Year Manufacturer Warranty for Device and 6 Months Manufacturer Warranty for Inbox Accessories,Flagship
realme,"realme 14 Pro+ 5G (Pearl White, 256 GB)",31999,"9,511 Ratings & 1,345 Reviews",8 GB RAM | 256 GB ROM17.35 cm (6.83 inch) Display50MP + 50MP + 8MP | 32MP Front Camera6000 mAh Battery7s Gen 3 Mobile Platform Processor1 Year Manufacturer Warranty for Device and 6 Months Manufacturer Warranty for Inbox Accessories,Flagship
IQOO,"IQOO Neo 10R 5G (MoonKnight Titanium, 256 GB)",31798,239 Ratings & 22 Reviews,12 GB RAM | 256 GB ROM17.22 cm (6.78 inch) Display50MP Rear Camera6400 mAh Battery1 Year Manufacturer Warranty for Phone and 6 Months Warranty for In the Box Accessories,Flagship
POCO,"POCO X7 Pro 5G (Nebula Green, 256 GB)",23999,"7,072 Ratings & 1,059 Reviews",8 GB RAM | 256 GB ROM16.94 cm (6.67 inch) Display50MP + 8MP | 20MP Front Camera6550 mAh BatteryDimensity D8400 Ultra Processor1 Year Manufacturer Warranty for Phone and 6 Months Warranty for In the Box Accessories,Mid-Range
Tecno,"Tecno Pova Curve 5G (Neon Cyan, 128 GB)",16999,392 Ratings & 76 Reviews,8 GB RAM | 128 GB ROM17.22 cm (6.78 inch) Display64MP Rear Camera | 13MP Front Camera5500 mAh BatteryDimensity 7300 Ultimate Processor1 Year Manufacturer Warranty for Handset,Mid-Range
realme,"realme 14 Pro+ 5G (Suede Grey, 256 GB)",34999,"5,472 Ratings & 681 Reviews",12 GB RAM | 256 GB ROM17.35 cm (6.83 inch) Display50MP + 50MP + 8MP | 32MP Front Camera6000 mAh Battery7s Gen 3 Mobile Platform Processor1 Year Manufacturer Warranty for Device and 6 Months Manufacturer Warranty for Inbox Accessories,Flagship
IQOO,"IQOO Neo 10R 5G (MoonKnight Titanium, 256 GB)",28895,517 Ratings & 42 Reviews,8 GB RAM | 256 GB ROM17.22 cm (6.78 inch) Display50MP Rear Camera6400 mAh Battery1 Year Manufacturer Warranty for Phone and 6 Months Warranty for In the Box Accessories,Mid-Range
vivo,"vivo T3 Ultra (Frost Green, 128 GB)",27999,"20,542 Ratings & 1,721 Reviews",8 GB RAM | 128 GB ROM17.22 cm (6.78 inch) Display50MP + 8MP | 50MP Front Camera5500 mAh BatteryDimensity 9200+ Processor1 Year Warranty on Handset and 6 Months Warranty on Accessories,Mid-Range
Samsung,Samsung SM-B310E,1299,11 Ratings & 1 Reviews,100 MB RAM | 100 MB ROM | Expandable Upto 100 MB4.57 cm (1.8 inch) VGA Display0MP | 0MP Front Camera800 mAh BatteryNA ProcessorNo Warranty,Budget
REDMI,"REDMI 14C 5G (Stargaze Black, 64 GB)",9499,"3,321 Ratings & 205 Reviews",4 GB RAM | 64 GB ROM | Expandable Upto 1 TB17.48 cm (6.88 inch) HD+ Display50MP Rear Camera | 8MP Front Camera5160 mAh Battery4 Gen 2 5G Processor1 Year Manufacturer Warranty for Phone and 6 Months Warranty for In the Box Accessories,Budget
REDMI,"REDMI 14C 5G (Starlight Blue, 64 GB)",9499,"3,321 Ratings & 205 Reviews",4 GB RAM | 64 GB ROM | Expandable Upto 1 TB17.48 cm (6.88 inch) HD+ Display50MP Rear Camera | 8MP Front Camera5160 mAh Battery4 Gen 2 5G Processor1 Year Manufacturer Warranty for Phone and 6 Months Warranty for In the Box Accessories,Budget
Samsung,"Samsung Galaxy A16 5G (Blue Black, 128 GB)",14790,"2,045 Ratings & 103 Reviews",6 GB RAM | 128 GB ROM17.02 cm (6.7 inch) Full HD+ Display50MP + 5MP + 2MP | 13MP Front Camera5000 mAh BatteryDimensity 6300 Processor1 Year Manufacturer Warranty for Device and 6 Months for Inbox Accessories,Budget
Jio,Jio Bharat V2 -4g Phone,977,78 Ratings & 0 Reviews,24 MB RAM | 24 MB ROM | Expandable Upto 128 GB4.5 cm (1.77 inch) VGA Display0.3MP + 0.3MP1000 mAh Batterymediatek Processor1 Year Manufacturing Warranty,Budget
Infinix,"Infinix SMART 9 HD (Metallic Black, 64 GB)",6699,"2,661 Ratings & 195 Reviews",3 GB RAM | 64 GB ROM | Expandable Upto 1 TB17.02 cm (6.7 inch) HD+ Display13MP Rear Camera | 8MP Front Camera5000 mAh Lithium-ion Polymer BatteryMediatek Helio G50 Processor1 Year Warranty on Handset and 6 Months Warranty on Accessories,Budget
Nokia,"Nokia 5310 DS Keypad Mobile, FM Radio,Camera with Flash (8 MB RAM)",1800,"10,944 Ratings & 816 Reviews",8 MB RAM | 16 MB ROM | Expandable Upto 32 GB6.1 cm (2.4 inch) Display0.3MP Rear Camera1200 mAh Lithium-ion BatteryMT6260A Processor1YR BRAND WARRANTY ON HANDSET & 6 MONTHS WARRANTY ON ACCESSORIES,Budget
REDMI,"REDMI A3X (Midnight Black, 128 GB)",6999,"4,917 Ratings & 227 Reviews",4 GB RAM | 128 GB ROM | Expandable Upto 1 TB17.04 cm (6.71 inch) HD+ Display8MP Rear Camera | 5MP Front Camera5000 mAh Battery1 Year Manufacturer Warranty for Phone and 6 Months Warranty for In the Box Accessories,Budget
itel,itel it2175 Pro | 2 inch Big Display | 1200 mAh Battery | Kingvoice,1249,"1,764 Ratings & 83 Reviews",4 MB RAM | 4 MB ROM | Expandable Upto 32 GB5.08 cm (2 inch) QVGA Display0.8MP + 0MP1200 mAh BatterySC6531E Processor13 Months Manufacturer Warranty,Budget
KARBONN,KARBONN K9,1353,392 Ratings & 21 Reviews,52 MB RAM | 32 MB ROM | Expandable Upto 32 GB6.1 cm (2.4 inch) QVGA Display2MP + 0MP | 2MP Front Camera1800 mAh Battery1 Year Manufacturer Warranty,Budget
itel,itel it2175 Pro | 2 inch Big Display | 1200 mAh Battery | Kingvoice,1249,"1,764 Ratings & 83 Reviews",4 MB RAM | 4 MB ROM | Expandable Upto 32 GB5.08 cm (2 inch) QVGA Display0.8MP + 0MP1200 mAh BatterySC6531E Processor13 months Manufacturer Warranty,Budget
REDMI,"REDMI A3X (Olive Green, 128 GB)",6999,"4,917 Ratings & 227 Reviews",4 GB RAM | 128 GB ROM | Expandable Upto 1 TB17.04 cm (6.71 inch) HD+ Display8MP Rear Camera | 5MP Front Camera5000 mAh Battery1 Year Manufacturer Warranty for Phone and 6 Months Warranty for In the Box Accessories,Budget
Samsung,"Samsung Galaxy A16 5G (Gold, 128 GB)",14590,"2,045 Ratings & 103 Reviews",6 GB RAM | 128 GB ROM17.02 cm (6.7 inch) Full HD+ Display50MP + 5MP + 2MP | 13MP Front Camera5000 mAh BatteryDimensity 6300 Processor1 Year Manufacturer Warranty for Device and 6 Months for Inbox Accessories,Budget
realme,"realme P3 Pro 5G (Saturn Brown, 256 GB)",22999,"4,829 Ratings & 456 Reviews",8 GB RAM | 256 GB ROM17.35 cm (6.83 inch) Display50MP + 2MP | 16MP Front Camera6000 mAh Battery7s Gen 3 Mobile Platform Processor1 Year Manufacturer Warranty for Device and 6 Months Manufacturer Warranty for Inbox Accessories,Mid-Range
realme,"realme 14 Pro+ 5G (Pearl White, 512 GB)",37999,"5,472 Ratings & 681 Reviews",12 GB RAM | 512 GB ROM17.35 cm (6.83 inch) Display50MP + 50MP + 8MP | 32MP Front Camera6000 mAh Battery7s Gen 3 Mobile Platform Processor1 Year Manufacturer Warranty for Device and 6 Months Manufacturer Warranty for Inbox Accessories,Flagship
IQOO,"IQOO Z9S 5G (Onyx Green, 256 GB)",21195,"7,268 Ratings & 467 Reviews",8 GB RAM | 256 GB ROM17.2 cm (6.77 inch) Full HD+ AMOLED Display50MP + 50MP | 2MP Dual Front Camera5500 mAh BatteryMediaTek Dimensity 7300 5G Processor12 Months Brand Warranty on Smartphone,Mid-Range
IQOO,"IQOO Z10 5G (Stellar Black / Black, 128 GB)",21452,"1,148 Ratings & 76 Reviews",8 GB RAM | 128 GB ROM17.02 cm (6.7 inch) Display50MP Rear Camera7300 mAh Battery1 Year Warranty on Handset and 6 Months Warranty on Accessories,Mid-Range
Infinix,"Infinix Note 50s 5G+ (Burgundy Red, 128 GB)",14999,45 Ratings & 3 Reviews,6 GB RAM | 128 GB ROM17.22 cm (6.78 inch) Full HD+ Display64MP + 2MP | 13MP Front Camera5500 mAh BatteryDimensity 7300 Ultimate Processor1 Year Warranty for Handset and 6 Months Warranty for Accessories,Budget
Samsung,"Samsung Galaxy A16 5G (Light Green, 128 GB)",15985,"2,870 Ratings & 175 Reviews",8 GB RAM | 128 GB ROM17.02 cm (6.7 inch) Full HD+ Display50MP + 5MP + 2MP | 13MP Front Camera5000 mAh BatteryDimensity 6300 Processor1 Year Manufacturer Warranty for Device and 6 Months for Inbox Accessories,Mid-Range
realme,"realme P3 Pro 5G (Galaxy Purple, 128 GB)",21999,"4,829 Ratings & 456 Reviews",8 GB RAM | 128 GB ROM17.35 cm (6.83 inch) Display50MP + 2MP | 16MP Front Camera6000 mAh Battery7s Gen 3 Mobile Platform Processor1 Year Manufacturer Warranty for Device and 6 Months Manufacturer Warranty for Inbox Accessories,Mid-Range
Samsung,"Samsung Galaxy S24 5G (Onyx Black, 128 GB)",46999,"5,292 Ratings & 335 Reviews",8 GB RAM | 128 GB ROM15.75 cm (6.2 inch) Full HD+ Display50MP + 10MP + 12MP | 12MP Front Camera4000 mAh BatteryExynos 2400 Processor1 Year Manufacturer Warranty for Device and 6 Months for In-Box Accessories,Flagship
Motorola,"Motorola e13 (Aurora Green, 64 GB)",6999,"1,07,321 Ratings & 7,796 Reviews",4 GB RAM | 64 GB ROM | Expandable Upto 1 TB16.51 cm (6.5 inch) HD+ Display13MP Rear Camera | 5MP Front Camera5000 mAh BatteryUnisoc T606 Processor1 Year on Handset and 6 Months on Accessories,Budget
Tecno,"Tecno Pova Curve 5G (Geek Black, 128 GB)",15999,460 Ratings & 88 Reviews,6 GB RAM | 128 GB ROM17.22 cm (6.78 inch) Display64MP Rear Camera | 13MP Front Camera5500 mAh BatteryDimensity 7300 Ultimate Processor1 Year Manufacturer Warranty for Handset,Mid-Range
REDMI,"REDMI 14C 5G (Stargaze Black, 128 GB)",11499,"3,355 Ratings & 209 Reviews",6 GB RAM | 128 GB ROM | Expandable Upto 1 TB17.48 cm (6.88 inch) HD+ Display50MP Rear Camera | 8MP Front Camera5160 mAh Battery4 Gen 2 5G Processor1 Year Manufacturer Warranty for Phone and 6 Months Warranty for In the Box Accessories,Budget
Samsung,Samsung Guru 1200,1000,"3,658 Ratings & 283 Reviews",4 MB RAM | 10 MB ROM3.86 cm (1.52 inch) Display800 mAh BatteryNA,Budget
vivo,"vivo T3 Lite 5G (Vibrant Green, 128 GB)",10499,"69,014 Ratings & 2,310 Reviews",4 GB RAM | 128 GB ROM | Expandable Upto 1 TB16.66 cm (6.56 inch) Display50MP + 2MP | 8MP Front Camera5000 mAh BatteryDimensity 6300 Processor1 Year Manufacturer Warranty for Device and 6 Months Manufacturer Warranty for Inbox Accessories,Budget
vivo,"vivo T3 Lite 5G (Vibrant Green, 128 GB)",11499,"1,01,036 Ratings & 3,548 Reviews",6 GB RAM | 128 GB ROM | Expandable Upto 1 TB16.66 cm (6.56 inch) Display50MP + 2MP | 8MP Front Camera5000 mAh BatteryDimensity 6300 Processor1 Year Manufacturer Warranty for Device and 6 Months Manufacturer Warranty for Inbox Accessories,Budget
realme,"realme P3 Ultra 5G (Orion Red, 256 GB)",25999,"3,984 Ratings & 531 Reviews",8 GB RAM | 256 GB ROM17.35 cm (6.83 inch) Display50MP + 8MP | 16MP Front Camera6000 mAh BatteryDimensity 8350 Ultra Processor1 Year Manufacturer Warranty for Device and 6 Months Manufacturer Warranty for Inbox Accessories,Mid-Range
realme,"realme P3 Ultra 5G (Neptune Blue, 128 GB)",23999,"3,984 Ratings & 531 Reviews",8 GB RAM | 128 GB ROM17.35 cm (6.83 inch) Display50MP + 8MP | 16MP Front Camera6000 mAh BatteryDimensity 8350 Ultra Processor1 Year Manufacturer Warranty for Device and 6 Months Manufacturer Warranty for Inbox Accessories,Mid-Range
LAVA,LAVA Hero Shakti Keypad Mobile|1.8 inch Big Display|Auto Call Recording|Wireless FM,990,"2,852 Ratings & 173 Reviews",32 GB ROM4.57 cm (1.8 inch) Display800 mAh BatteryBrand Warranty of 1 Year Available for Mobile and 6 Months for Battery and Accessories,Budget
POCO,"POCO X7 5G (Cosmic Silver, 256 GB)",18999,"9,020 Ratings & 888 Reviews",8 GB RAM | 256 GB ROM16.94 cm (6.67 inch) Display50MP + 8MP + 2MP | 20MP Front Camera5500 mAh BatteryDimensity 7300 Ultra Processor1 Year Manufacturer Warranty for Phone and 6 Months Warranty for In the Box Accessories,Mid-Range
Samsung,"Samsung Galaxy F16 5G (Vibing Blue, 128 GB)",11499,"1,942 Ratings & 131 Reviews",4 GB RAM | 128 GB ROM16.91 cm (6.657 inch) Full HD+ Display50MP + 5MP + 2MP | 13MP Front Camera5000 mAh BatteryDimensity 6300 Processor1 Year Manufacturer Warranty for Device and 6 Months for In-Box Accessories,Budget
POCO,"POCO M7 Pro 5G (Lunar Dust, 128 GB)",12999,"13,796 Ratings & 1,280 Reviews",6 GB RAM | 128 GB ROM16.94 cm (6.67 inch) Full HD+ Display50MP + 2MP | 20MP Front Camera5110 mAh BatteryDimensity 7025 Ultra Processor1 Year Manufacturer Warranty for Phone and 6 Months Warranty for In the Box Accessories,Budget
Nokia,"Nokia 105 Single SIM, Keypad Mobile Phone with Wireless FM Radio",1339,"1,57,035 Ratings & 9,914 Reviews",32 MB RAM | 32 MB ROM4.5 cm (1.77 inch) QVGA Display0MP Front Camera800 mAh Lithium Ion BatterySC6531E Processor1YR BRAND WARRANTY ON HANDSET & 6 MONTHS WARRANTY ON ACCESSORIES,Budget
Google,"Google Pixel 8a (Obsidian, 128 GB)",37999,"6,334 Ratings & 543 Reviews",8 GB RAM | 128 GB ROM15.49 cm (6.1 inch) Full HD+ Display64MP + 13MP | 13MP Front Camera4404 mAh BatteryTensor G3 Processor1 Year Domestic Warranty,Flagship
MOTOROLA,"MOTOROLA Edge 60 Pro (Pantone Dazzling Blue, 256 GB)",29999,"7,872 Ratings & 811 Reviews",8 GB RAM | 256 GB ROM17.02 cm (6.7 inch) Display50MP + 50MP + 10MP | 50MP Front Camera6000 mAh BatteryDimensity 8350 Processor1 Year Warranty on Handset and 6 Months Warranty on Accessories,Mid-Range
Samsung,Samsung SM 1207,984,"4,481 Ratings & 269 Reviews",32 MB RAM | 32 MB ROM3.81 cm (1.5 inch) Display800 mAh BatteryNo Brand Warranty,Budget
Tecno,"Tecno POP 9 4G (Magic Skin Green, 64 GB)",6899,14 Ratings & 1 Reviews,3 GB RAM | 64 GB ROM16.94 cm (6.67 inch) Display13MP Rear Camera5000 mAh BatteryDomestic Warranty Of 1 Year For Handset And 6 Month For Accessories,Budget
OnePlus,"OnePlus Nord CE4 (Celadon Marble, 256 GB)",23641,"23,036 Ratings & 1,302 Reviews",8 GB RAM | 256 GB ROM17.02 cm (6.7 inch) Display50MP Rear Camera5500 mAh BatteryOxygenOS 14.0 ProcessorDomestic Warranty 1 Year For Handset And 6 month For Accessories.,Mid-Range
IQOO,"IQOO z9x (Storm Grey, 128 GB)",12990,"9,534 Ratings & 486 Reviews",6 GB RAM | 128 GB ROM | Expandable Upto 1 TB17.07 cm (6.72 inch) Full HD+ Display50MP + 2MP | 8MP Front Camera6000 mAh BatteryQualcomm SM6450 Snapdragon 6 Gen 1 Processor1 Year on Handset and 6 Months on Accessories,Budget
Apple,"Apple iPhone 16 Plus (Black, 128 GB)",84900,"2,700 Ratings & 161 Reviews","128 GB ROM17.02 cm (6.7 inch) Super Retina XDR Display48MP + 12MP | 12MP Front CameraA18 Chip, 6 Core Processor Processor1 year warranty for phone and 1 year warranty for in Box Accessories.",Flagship
POCO,"POCO C71 (Power Black, 128 GB)",6999,"5,122 Ratings & 317 Reviews","6 GB RAM | 128 GB ROM | Expandable Upto 2 TB17.48 cm (6.88 inch) HD+ Display32MP Rear Camera | 8MP Front Camera5200 mAh BatteryUnisoc T7250
Max clock speed: 
2 x A75@1.8GHz
6 x A55@1.6GHz Processor1 Year Manufacturer Warranty for Phone and 6 Months Warranty for In the Box Accessories",Budget
Nokia,"Nokia 125 Dual SIM Feature Mobile, Wireless FM Radio and Built-in Torch",1199,"11,136 Ratings & 681 Reviews",4 MB RAM | 4 MB ROM6.1 cm (2.4 inch) Display1020 mAh Lithium-ion BatteryMediaTek Processor1 Year Manufacturer Warranty for Device and 6 Months Manufacturer Warranty for In-box Accessories Including Batteries from the Date of Purchase,Budget
Motorola,"Motorola g45 5G (Pink Lavender, 128 GB)",10999,"45,149 Ratings & 2,836 Reviews",4 GB RAM | 128 GB ROM | Expandable Upto 1 TB16.51 cm (6.5 inch) HD+ Display50MP + 2MP | 16MP Front Camera5000 mAh BatterySnapdragon 6s Gen 3 Processor1 Year Warranty on Handset and 6 Months Warranty on Accessories,Budget
Samsung,"Samsung Galaxy S24 FE 5G (Blue, 256 GB)",45999,"9,724 Ratings & 834 Reviews",8 GB RAM | 256 GB ROM17.02 cm (6.7 inch) Full HD+ Display50MP + 12MP | 10MP Front Camera4700 mAh BatteryExynos 2400e Processor1 Year Manufacturer Warranty for Device and 6 Months for In-Box Accessories,Flagship
Jio,Jio Bharat B2,1589,"2,758 Ratings & 130 Reviews",36 MB RAM | 36 MB ROM | Expandable Upto 128 GB6.1 cm (2.4 inch) QVGA Display0.3MP Rear Camera2000 mAh Batteryone year brand waranty,Budget
Motorola,"Motorola Edge 50 Fusion (Forest Green, 256 GB)",20999,"1,51,000 Ratings & 10,527 Reviews",12 GB RAM | 256 GB ROM17.02 cm (6.7 inch) Full HD+ Display50MP + 13MP | 32MP Front Camera5000 mAh Battery7s Gen 2 Processor1 Year on Handset and 6 Months on Accessories,Mid-Range
realme,"realme P1 Speed 5G (Brushed Blue, 128 GB)",14487,"2,421 Ratings & 260 Reviews",8 GB RAM | 128 GB ROM | Expandable Upto 2 TB16.94 cm (6.67 inch) Full HD+ Display50MP + 2MP | 16MP Front Camera5000 mAh BatteryDimensity 7300 Energy Processor1 Year Manufacturer Warranty for Device and 6 Months Manufacturer Warranty for Inbox Accessories,Budget
realme,"realme P3 Ultra 5G (Orion Red, 256 GB)",26999,"1,150 Ratings & 153 Reviews",12 GB RAM | 256 GB ROM17.35 cm (6.83 inch) Display50MP + 8MP | 16MP Front Camera6000 mAh BatteryDimensity 8350 Ultra Processor1 Year Manufacturer Warranty for Device and 6 Months Manufacturer Warranty for Inbox Accessories,Mid-Range
realme,"realme P3 Pro 5G (Saturn Brown, 256 GB)",23999,"1,169 Ratings & 113 Reviews",12 GB RAM | 256 GB ROM17.35 cm (6.83 inch) Display50MP + 2MP | 16MP Front Camera6000 mAh Battery7s Gen 3 Mobile Platform Processor1 Year Manufacturer Warranty for Device and 6 Months Manufacturer Warranty for Inbox Accessories,Mid-Range
Infinix,"Infinix Hot 50 5G (Sage Green, 128 GB)",9499,"5,350 Ratings & 401 Reviews",4 GB RAM | 128 GB ROM | Expandable Upto 1 TB17.02 cm (6.7 inch) HD+ Display48MP + Depth Sensor | 8MP Front Camera5000 mAh Lithium-ion Polymer BatteryDimensity 6300 Processor1 Year Warranty on Handset and 6 Months Warranty on Accessories,Budget
Infinix,"Infinix Hot 50 5G (Dreamy Purple, 128 GB)",9499,"5,350 Ratings & 401 Reviews",4 GB RAM | 128 GB ROM | Expandable Upto 1 TB17.02 cm (6.7 inch) HD+ Display48MP + Depth Sensor | 8MP Front Camera5000 mAh Lithium-ion Polymer BatteryDimensity 6300 Processor1 Year Warranty on Handset and 6 Months Warranty on Accessories,Budget
Nokia,Nokia 110 4G,2399,"1,060 Ratings & 65 Reviews",32 MB RAM | 32 MB ROM4.57 cm (1.8 inch) Display0.08MP Rear Camera1450 mAh BatteryT107 ProcessorNo Warranty on this Product,Budget
hmd,hmd 105 Dual Sim,1142,"1,684 Ratings & 147 Reviews",4 MB RAM | 4 MB ROM | Expandable Upto 32 GB5.08 cm (2 inch) Display1000 mAh BatterySC6531E Processor1 Year Replacement.,Budget
realme,"realme P1 Speed 5G (Textured Titanium, 128 GB)",14999,"2,421 Ratings & 260 Reviews",8 GB RAM | 128 GB ROM | Expandable Upto 2 TB16.94 cm (6.67 inch) Full HD+ Display50MP + 2MP | 16MP Front Camera5000 mAh BatteryDimensity 7300 Energy Processor1 Year Manufacturer Warranty for Device and 6 Months Manufacturer Warranty for Inbox Accessories,Budget
OnePlus,"OnePlus Nord CE4 (Celadon Marble, 128 GB)",21956,"23,036 Ratings & 1,302 Reviews",8 GB RAM | 128 GB ROM17.02 cm (6.7 inch) Display50MP Rear Camera5500 mAh BatteryOxygenOS 14.0 ProcessorDomestic Warranty 1 Year For Handset And 6 month For Accessories.,Mid-Range
Samsung,"Samsung Galaxy S24 5G (Marble Gray, 128 GB)",46999,"5,292 Ratings & 335 Reviews",8 GB RAM | 128 GB ROM15.75 cm (6.2 inch) Full HD+ Display50MP + 10MP + 12MP | 12MP Front Camera4000 mAh BatteryExynos 2400 Processor1 Year Manufacturer Warranty for Device and 6 Months for In-Box Accessories,Flagship
Infinix,"Infinix Hot 50 5G (Vibrant Blue, 128 GB)",10499,"17,083 Ratings & 1,228 Reviews",8 GB RAM | 128 GB ROM | Expandable Upto 1 TB17.02 cm (6.7 inch) HD+ Display48MP + Depth Sensor | 8MP Front Camera5000 mAh Lithium-ion Polymer BatteryDimensity 6300 Processor1 Year Warranty on Handset and 6 Months Warranty on Accessories,Budget
Infinix,"Infinix Hot 50 5G (Sage Green, 128 GB)",10499,"17,083 Ratings & 1,228 Reviews",8 GB RAM | 128 GB ROM | Expandable Upto 1 TB17.02 cm (6.7 inch) HD+ Display48MP + Depth Sensor | 8MP Front Camera5000 mAh Lithium-ion Polymer BatteryDimensity 6300 Processor1 Year Warranty on Handset and 6 Months Warranty on Accessories,Budget
Infinix,"Infinix Hot 50 5G (Sleek Black, 128 GB)",10499,"17,083 Ratings & 1,228 Reviews",8 GB RAM | 128 GB ROM | Expandable Upto 1 TB17.02 cm (6.7 inch) HD+ Display48MP + Depth Sensor | 8MP Front Camera5000 mAh Lithium-ion Polymer BatteryDimensity 6300 Processor1 Year Warranty on Handset and 6 Months Warranty on Accessories,Budget
Apple,"Apple iPhone 14 (Starlight, 256 GB)",64999,"3,12,743 Ratings & 11,681 Reviews","256 GB ROM15.49 cm (6.1 inch) Super Retina XDR Display12MP + 12MP | 12MP Front CameraA15 Bionic Chip, 6 Core Processor Processor1 year warranty for phone and 1 year warranty for in Box Accessories.",Flagship
Apple,"Apple iPhone 15 (Blue, 128 GB)",64900,"2,60,163 Ratings & 9,354 Reviews","128 GB ROM15.49 cm (6.1 inch) Super Retina XDR Display48MP + 12MP | 12MP Front CameraA16 Bionic Chip, 6 Core Processor Processor1 year warranty for phone and 1 year warranty for in Box Accessories.",Flagship
Apple,"Apple iPhone 16 Pro (Desert Titanium, 256 GB)",122900,"2,148 Ratings & 116 Reviews","256 GB ROM16.0 cm (6.3 inch) Super Retina XDR Display48MP + 48MP + 12MP | 12MP Front CameraA18 Pro Chip, 6 Core Processor Processor1 year warranty for phone and 1 year warranty for in Box Accessories.",Flagship
